time,open,high,low,close,tick_volume,spread,real_volume
1786457700,4387.06,4390.27,4381.61,4383.99,11050.0,,
1786458600,4384.09,4395.32,4384.09,4393.48,10727.0,,
1786459500,4393.48,4398.01,4391.84,4394.18,7652.0,,
1786460400,4394.18,4398.85,4389.26,4392.26,8123.0,,
1786461300,4392.26,4392.26,4381.99,4386.73,9301.0,,
1786462200,4386.76,4387.05,4369.11,4375.94,13396.0,,
1786463100,4375.94,4383.86,4375.02,4383.77,8605.0,,
1786464000,4383.84,4384.83,4378.72,4379.52,7129.0,,
1786464900,4379.52,4383.42,4378.49,4383.02,5615.0,,
1786465800,4383.02,4385.82,4379.3,4384.79,4041.0,,
1786466700,4384.79,4385.51,4381.09,4383.45,4938.0,,
1786467600,4383.43,4385.72,4381.09,4381.09,5658.0,,
1786468500,4381.09,4384.38,4378.94,4381.44,5453.0,,
1786469400,4381.45,4381.98,4374.37,4376.31,5050.0,,
1786470300,4376.31,4377.59,4368.99,4369.15,4049.0,,
1786471200,4369.16,4369.21,4360.32,4363.84,10139.0,,
1786472100,4363.76,4367.3,4360.42,4361.33,9140.0,,
1786473000,4361.38,4371.86,4361.19,4371.16,6343.0,,
1786473900,4371.16,4372.78,4370.1,4371.62,4524.0,,
1786474800,4371.65,4372.25,4363.39,4363.83,6178.0,,
1786475700,4363.83,4370.94,4361.28,4370.46,6245.0,,
1786476600,4370.48,4374.24,4366.5,4367.65,6347.0,,
1786477500,4367.68,4373.41,4366.36,4370.81,7433.0,,
1786478400,4370.79,4371.15,4368.58,4370.4,2314.0,,
1786479300,4370.4,4371.04,4367.67,4370.32,1510.0,,
1786480200,4370.32,4370.54,4367.41,4367.56,1243.0,,
1786481100,4367.54,4368.72,4367.03,4368.01,931.0,,
1786485600,4371.77,4375.55,4370.34,4374.07,2548.0,,
1786486500,4374.07,4377.19,4373.4,4376.69,2892.0,,
1786487400,4376.69,4378.18,4375.02,4376.37,2573.0,,
1786488300,4376.45,4378.53,4367.31,4369.09,4074.0,,
1786489200,4369.21,4369.87,4362.58,4366.66,4369.0,,
1786490100,4366.66,4374.62,4365.33,4372.84,3420.0,,
1786491000,4372.84,4372.9,4366.65,4367.93,1851.0,,
1786491900,4367.93,4371.97,4367.93,4371.58,1879.0,,
1786492800,4371.58,4379.45,4366.49,4378.13,5372.0,,
1786493700,4378.13,4381.18,4374.19,4380.76,4858.0,,
1786494600,4380.76,4383.71,4379.35,4382.88,3736.0,,
1786495500,4382.88,4383.18,4377.66,4380.55,3230.0,,
1786496400,4380.66,4390.78,4378.36,4390.45,9108.0,,
1786497300,4390.45,4394.19,4386.71,4390.61,5529.0,,
1786498200,4390.61,4393.29,4385.32,4393.25,6667.0,,
1786499100,4393.25,4397.51,4391.21,4396.57,6306.0,,
1786500000,4396.57,4404.82,4394.28,4401.8,5423.0,,
1786500900,4401.79,4403.71,4399.46,4402.25,3482.0,,
1786501800,4402.24,4408.25,4397.69,4405.58,7274.0,,
1786502700,4405.58,4414.58,4405.38,4411.32,6498.0,,
1786503600,4411.32,4416.01,4408.64,4410.84,6779.0,,
1786504500,4410.84,4410.87,4404.44,4407.29,5628.0,,
1786505400,4407.29,4408.68,4401.37,4401.41,3766.0,,
1786506300,4401.41,4403.8,4400.81,4402.29,2870.0,,
1786507200,4402.29,4403.21,4396.57,4397.44,2757.0,,
1786508100,4397.44,4399.33,4395.41,4399.08,2780.0,,
1786509000,4399.08,4400.09,4395.34,4400.04,3020.0,,
1786509900,4400.04,4402.32,4399.24,4401.04,2369.0,,
1786510800,4401.04,4404.9,4400.11,4400.83,2372.0,,
1786511700,4400.83,4400.85,4392.33,4392.65,3430.0,,
1786512600,4392.65,4397.03,4388.01,4388.07,6534.0,,
1786513500,4388.07,4394.1,4384.03,4391.17,5057.0,,
1786514400,4391.17,4393.14,4385.27,4387.14,5284.0,,
1786515300,4387.14,4390.53,4385.76,4389.75,4187.0,,
1786516200,4389.76,4397.45,4388.45,4394.59,6019.0,,
1786517100,4394.59,4406.35,4394.58,4403.5,5203.0,,
1786518000,4403.51,4406.13,4400.95,4401.56,3877.0,,
1786518900,4401.56,4402.75,4398.23,4402.43,3250.0,,
1786519800,4402.43,4408.58,4401.45,4407.88,2750.0,,
1786520700,4407.88,4410.06,4404.79,4406.25,2866.0,,
1786521600,4406.25,4410.56,4405.87,4408.62,3102.0,,
1786522500,4408.62,4409.46,4405.63,4407.04,2730.0,,
1786523400,4407.0,4407.55,4404.49,4406.1,2799.0,,
1786524300,4406.1,4406.1,4401.76,4401.87,2089.0,,
1786525200,4401.87,4413.16,4401.87,4412.87,3301.0,,
1786526100,4412.87,4424.32,4412.44,4413.28,8738.0,,
1786527000,4413.28,4417.1,4411.94,4413.73,4905.0,,
1786527900,4413.73,4416.56,4410.74,4415.87,4782.0,,
1786528800,4415.87,4419.33,4414.64,4417.96,3331.0,,
1786529700,4417.96,4420.93,4417.46,4419.63,3454.0,,
1786530600,4419.63,4419.84,4412.76,4414.76,3250.0,,
1786531500,4414.76,4415.7,4407.41,4412.73,5491.0,,
1786532400,4412.73,4415.23,4407.92,4407.92,3445.0,,
1786533300,4407.92,4416.79,4407.9,4415.1,3017.0,,
1786534200,4415.1,4415.91,4410.24,4413.35,2490.0,,
1786535100,4413.35,4415.47,4412.57,4412.81,2320.0,,
1786536000,4412.81,4413.15,4406.32,4408.77,4382.0,,
1786536900,4408.77,4427.6,4404.76,4427.56,7366.0,,
1786537800,4427.56,4438.26,4382.14,4428.6,31220.0,,
1786538700,4428.6,4438.4,4416.57,4437.41,16863.0,,
1786539600,4437.32,4441.44,4420.95,4422.01,20546.0,,
1786540500,4422.0,4428.99,4414.68,4418.52,13308.0,,
1786541400,4418.53,4420.93,4408.55,4416.67,27205.0,,
1786542300,4416.65,4434.11,4415.55,4427.7,23041.0,,
1786543200,4427.69,4434.95,4421.07,4431.97,18247.0,,
1786544100,4431.97,4439.73,4429.95,4431.61,14508.0,,
1786545000,4431.61,4436.16,4416.38,4425.06,19286.0,,
1786545900,4425.09,4432.49,4416.63,4422.02,22289.0,,
1786546800,4422.04,4430.1,4414.92,4426.6,17826.0,,
1786547700,4426.63,4428.13,4419.61,4421.63,11521.0,,
1786548600,4421.6,4425.42,4416.79,4418.15,9403.0,,
1786549500,4418.15,4422.44,4411.11,4421.03,9868.0,,
1786550400,4421.03,4425.76,4416.76,4423.41,9757.0,,
1786551300,4423.41,4426.52,4422.45,4423.26,8243.0,,
1786552200,4423.22,4423.94,4409.38,4410.91,11546.0,,
1786553100,4410.91,4411.25,4396.71,4401.71,14886.0,,
1786554000,4401.71,4407.6,4400.06,4403.68,10180.0,,
1786554900,4403.67,4409.9,4401.98,4406.56,10969.0,,
1786555800,4406.57,4411.53,4401.37,4402.04,7937.0,,
1786556700,4402.04,4405.59,4399.08,4399.43,6743.0,,
1786557600,4399.44,4406.55,4396.31,4405.92,6109.0,,
1786558500,4405.87,4411.19,4404.61,4408.53,5380.0,,
1786559400,4408.5,4413.65,4407.99,4413.61,5999.0,,
1786560300,4413.61,4417.89,4412.84,4413.08,5560.0,,
1786561200,4413.08,4418.39,4412.88,4416.41,5616.0,,
1786562100,4416.41,4417.98,4415.71,4416.67,5064.0,,
1786563000,4416.67,4416.73,4411.34,4413.26,6323.0,,
1786563900,4413.27,4414.14,4408.31,4413.98,8234.0,,
1786564800,4413.96,4414.24,4408.81,4409.05,1961.0,,
1786565700,4409.05,4409.93,4406.69,4407.85,1749.0,,
1786566600,4407.87,4408.76,4406.82,4407.88,1302.0,,
1786567500,4407.88,4408.83,4406.56,4408.42,950.0,,
1786572000,4410.9,4411.6,4402.52,4403.2,2328.0,,
1786572900,4403.2,4403.24,4398.32,4399.42,1383.0,,
1786573800,4399.42,4401.94,4398.78,4400.12,1501.0,,
1786574700,4400.12,4403.05,4399.9,4401.69,822.0,,
1786575600,4401.7,4405.94,4401.64,4405.69,1234.0,,
1786576500,4405.7,4409.81,4405.67,4408.35,1143.0,,
1786577400,4408.35,4410.42,4407.37,4408.57,864.0,,
1786578300,4408.57,4414.5,4408.0,4414.4,1618.0,,
1786579200,4414.4,4422.6,4412.93,4419.23,5820.0,,
1786580100,4419.23,4437.63,4419.23,4428.43,6488.0,,
1786581000,4428.43,4449.85,4424.48,4440.18,8553.0,,
1786581900,4440.18,4440.24,4424.08,4427.8,8439.0,,
1786582800,4427.77,4435.34,4422.77,4430.11,14028.0,,
1786583700,4430.11,4435.31,4419.09,4419.35,7277.0,,
1786584600,4419.35,4430.22,4417.81,4419.24,7530.0,,
1786585500,4419.24,4419.28,4406.25,4408.49,7979.0,,
1786586400,4408.48,4414.14,4405.44,4410.79,6756.0,,
1786587300,4410.79,4412.46,4405.91,4406.57,3663.0,,
1786588200,4406.57,4410.42,4399.03,4410.42,9059.0,,
1786589100,4410.42,4410.76,4405.59,4407.21,5402.0,,
1786590000,4407.2,4412.3,4404.19,4407.11,6330.0,,
1786590900,4407.11,4410.28,4405.69,4409.24,5545.0,,
1786591800,4409.24,4410.52,4405.45,4405.94,3136.0,,
1786592700,4405.94,4407.67,4398.7,4400.26,3825.0,,
1786593600,4400.25,4400.43,4391.73,4394.54,6647.0,,
1786594500,4394.54,4399.25,4392.59,4398.28,4572.0,,
1786595400,4398.28,4399.65,4395.17,4395.83,3360.0,,
1786596300,4395.83,4398.85,4395.36,4397.73,4933.0,,
1786597200,4397.77,4404.72,4393.16,4404.52,6845.0,,
1786598100,4404.52,4407.31,4400.95,4406.47,5187.0,,
1786599000,4406.47,4407.31,4386.42,4387.71,11113.0,,
1786599900,4387.71,4389.36,4380.61,4382.99,10796.0,,
1786600800,4382.95,4385.61,4375.11,4376.01,9384.0,,
1786601700,4376.01,4378.81,4374.27,4376.06,6232.0,,
1786602600,4376.06,4378.6,4368.93,4374.19,7423.0,,
1786603500,4374.19,4381.68,4374.08,4380.99,6810.0,,
1786604400,4380.94,4381.72,4375.11,4376.9,6812.0,,
1786605300,4376.9,4377.7,4373.83,4376.45,5858.0,,
1786606200,4376.45,4378.75,4372.16,4378.61,5390.0,,
1786607100,4378.61,4378.79,4369.29,4370.0,5864.0,,
1786608000,4369.96,4370.6,4364.07,4366.03,7532.0,,
1786608900,4366.03,4373.52,4364.98,4372.81,6478.0,,
1786609800,4372.81,4375.84,4371.94,4373.69,4676.0,,
1786610700,4373.69,4379.38,4373.46,4375.92,4533.0,,
1786611600,4375.93,4378.44,4372.52,4376.88,5240.0,,
1786612500,4376.88,4382.36,4376.26,4379.98,4880.0,,
1786613400,4379.98,4381.8,4378.85,4380.11,3611.0,,
1786614300,4380.11,4384.87,4378.55,4384.58,3345.0,,
1786615200,4384.58,4385.33,4381.43,4381.58,2905.0,,
1786616100,4381.57,4387.68,4381.57,4387.18,2855.0,,
1786617000,4387.18,4390.58,4384.66,4390.55,2358.0,,
1786617900,4390.55,4393.84,4388.32,4392.23,2559.0,,
1786618800,4392.23,4394.38,4388.56,4394.26,2871.0,,
1786619700,4394.26,4396.67,4388.11,4388.11,3642.0,,
1786620600,4388.1,4389.87,4383.8,4384.1,4155.0,,
1786621500,4384.07,4388.08,4382.89,4387.72,4646.0,,
1786622400,4387.75,4391.77,4385.81,4389.09,6632.0,,
1786623300,4389.09,4392.99,4384.19,4391.11,6748.0,,
1786624200,4391.14,4401.52,4380.67,4392.18,11545.0,,
1786625100,4392.18,4402.01,4391.77,4401.87,8050.0,,
1786626000,4401.8,4402.14,4391.11,4393.93,12830.0,,
1786626900,4393.93,4395.4,4384.03,4385.21,9239.0,,
1786627800,4385.24,4389.86,4375.32,4379.57,17956.0,,
1786628700,4379.57,4382.93,4370.78,4372.8,19427.0,,
1786629600,4372.8,4378.88,4366.74,4370.8,21852.0,,
1786630500,4370.81,4378.24,4367.61,4367.74,22859.0,,
1786631400,4367.74,4381.81,4353.61,4381.26,17257.0,,
1786632300,4381.26,4387.15,4381.21,4383.73,11278.0,,
1786633200,4383.74,4385.73,4368.31,4369.68,11497.0,,
1786634100,4369.68,4373.99,4363.57,4365.23,12495.0,,
1786635000,4365.23,4371.63,4357.64,4368.34,12861.0,,
1786635900,4368.34,4370.88,4363.51,4365.21,7975.0,,
1786636800,4365.23,4367.45,4354.03,4355.17,9739.0,,
1786637700,4355.15,4362.88,4351.27,4362.61,11902.0,,
1786638600,4362.63,4367.16,4362.59,4365.72,6789.0,,
1786639500,4365.72,4368.43,4364.17,4367.1,5974.0,,
1786640400,4367.11,4373.39,4365.07,4371.44,6451.0,,
1786641300,4371.49,4371.85,4362.41,4363.11,9044.0,,
1786642200,4363.08,4364.39,4355.67,4357.22,8631.0,,
1786643100,4357.22,4360.07,4355.74,4356.02,6626.0,,
1786644000,4356.04,4362.72,4355.91,4361.98,7861.0,,
1786644900,4361.99,4363.6,4354.75,4357.61,7259.0,,
1786645800,4357.57,4360.44,4356.39,4357.94,6481.0,,
1786646700,4357.94,4358.3,4354.7,4357.03,5382.0,,
1786647600,4357.02,4358.9,4346.27,4346.89,6543.0,,
1786648500,4346.9,4351.83,4343.74,4351.75,8605.0,,
1786649400,4351.75,4354.18,4349.77,4351.41,6018.0,,
1786650300,4351.41,4351.51,4347.64,4350.22,7637.0,,
1786651200,4350.22,4350.69,4346.98,4350.41,3032.0,,
1786652100,4350.41,4352.24,4349.46,4351.75,1872.0,,
1786653000,4351.75,4351.91,4348.1,4349.42,1762.0,,
1786653900,4349.42,4351.07,4348.54,4351.0,1082.0,,
1786658400,4353.93,4357.03,4351.83,4354.21,2100.0,,
1786659300,4354.21,4357.94,4352.92,4357.14,1958.0,,
1786660200,4357.14,4362.81,4355.78,4360.54,3211.0,,
1786661100,4360.5,4361.23,4353.43,4354.86,3271.0,,
1786662000,4354.87,4360.6,4349.31,4360.59,3343.0,,
1786662900,4360.59,4363.1,4357.04,4363.07,3477.0,,
1786663800,4363.07,4363.59,4358.69,4360.42,2882.0,,
1786664700,4360.45,4364.18,4356.4,4356.4,3957.0,,
1786665600,4356.4,4362.06,4350.55,4352.16,5881.0,,
1786666500,4352.16,4352.26,4339.47,4339.5,6019.0,,
1786667400,4339.5,4346.98,4334.56,4339.82,6578.0,,
1786668300,4339.8,4342.86,4329.48,4341.04,7817.0,,
1786669200,4341.04,4341.55,4322.24,4324.22,11388.0,,
1786670100,4324.22,4326.1,4315.06,4319.7,8901.0,,
1786671000,4319.7,4321.5,4312.92,4319.6,6818.0,,
1786671900,4319.59,4323.32,4312.27,4318.16,7564.0,,
1786672800,4318.16,4322.8,4310.9,4312.48,7011.0,,
1786673700,4312.48,4318.45,4312.48,4313.09,5479.0,,
1786674600,4313.09,4322.78,4311.67,4321.21,8385.0,,
1786675500,4321.21,4322.04,4312.78,4315.83,5735.0,,
1786676400,4315.84,4323.82,4313.79,4320.26,5236.0,,
1786677300,4320.27,4326.32,4320.02,4325.81,2959.0,,
1786678200,4325.81,4328.26,4325.01,4325.73,2491.0,,
1786679100,4325.73,4326.86,4323.6,4323.63,1504.0,,
1786680000,4323.64,4327.34,4322.83,4326.04,2540.0,,
1786680900,4326.04,4328.22,4325.1,4325.17,2741.0,,
1786681800,4325.17,4326.53,4323.46,4325.32,3500.0,,
1786682700,4325.29,4326.96,4323.79,4326.96,2411.0,,
1786683600,4326.99,4327.11,4319.6,4320.3,4879.0,,
1786684500,4320.3,4320.44,4317.24,4318.46,4081.0,,
1786685400,4318.45,4324.93,4311.03,4317.81,10214.0,,
1786686300,4317.76,4333.65,4317.61,4333.64,6921.0,,
1786687200,4333.64,4336.67,4329.64,4332.72,6138.0,,
1786688100,4332.73,4333.74,4328.42,4329.24,4584.0,,
1786689000,4329.24,4333.06,4328.01,4333.06,4153.0,,
1786689900,4333.07,4335.97,4332.71,4335.75,4562.0,,
1786690800,4335.73,4337.38,4331.24,4331.3,4261.0,,
1786691700,4331.3,4336.59,4329.71,4332.04,4370.0,,
1786692600,4332.04,4340.26,4331.73,4339.79,4193.0,,
1786693500,4339.79,4345.28,4339.56,4343.74,4710.0,,
1786694400,4343.75,4348.06,4342.01,4347.85,5953.0,,
1786695300,4347.85,4349.23,4343.64,4345.79,4563.0,,
1786696200,4345.78,4349.41,4343.61,4343.78,3677.0,,
1786697100,4343.78,4349.78,4342.9,4348.74,2546.0,,
1786698000,4348.73,4351.05,4346.07,4350.82,3328.0,,
1786698900,4350.82,4354.25,4348.85,4351.86,3392.0,,
1786699800,4351.86,4354.6,4350.11,4353.53,3934.0,,
1786700700,4353.54,4357.5,4352.69,4357.2,3545.0,,
1786701600,4357.2,4358.69,4353.88,4354.45,3414.0,,
1786702500,4354.45,4355.37,4350.23,4351.4,2698.0,,
1786703400,4351.4,4352.04,4348.34,4352.01,2529.0,,
1786704300,4352.01,4353.76,4347.96,4349.42,2304.0,,
1786705200,4349.42,4351.69,4348.58,4350.69,2492.0,,
1786706100,4350.69,4357.15,4350.69,4356.82,2721.0,,
1786707000,4356.82,4363.48,4356.58,4362.49,4645.0,,
1786707900,4362.49,4369.49,4361.01,4369.29,4952.0,,
1786708800,4369.28,4376.89,4365.79,4371.8,6489.0,,
1786709700,4371.8,4380.67,4369.71,4379.93,7065.0,,
1786710600,4380.0,4387.01,4372.25,4372.82,11638.0,,
1786711500,4372.82,4377.93,4371.02,4373.71,7708.0,,
1786712400,4373.72,4381.12,4370.31,4375.19,11087.0,,
1786713300,4375.19,4386.5,4375.19,4384.47,8625.0,,
1786714200,4384.47,4397.07,4383.68,4393.95,16471.0,,
1786715100,4393.95,4394.84,4382.89,4384.6,14095.0,,
1786716000,4384.44,4393.28,4384.15,4390.59,11832.0,,
1786716900,4390.59,4394.65,4385.27,4390.77,11340.0,,
1786717800,4390.81,4391.64,4381.62,4384.35,8350.0,,
1786718700,4384.35,4384.56,4378.85,4381.49,6886.0,,
1786719600,4381.49,4394.11,4381.1,4392.15,8877.0,,
1786720500,4392.15,4393.93,4379.13,4384.96,8583.0,,
1786721400,4384.96,4390.1,4384.01,4389.62,6407.0,,
1786722300,4389.62,4394.84,4389.47,4391.63,5801.0,,
1786723200,4391.65,4396.82,4388.81,4389.83,5874.0,,
1786724100,4389.83,4393.06,4386.93,4387.6,4477.0,,
1786725000,4387.6,4389.11,4380.32,4385.81,5966.0,,
1786725900,4385.81,4387.51,4384.83,4385.97,2731.0,,
1786726800,4385.97,4386.47,4380.37,4382.36,3303.0,,
1786727700,4382.35,4384.77,4379.29,4379.5,3694.0,,
1786728600,4379.47,4382.87,4377.05,4377.8,3706.0,,
1786729500,4377.8,4379.1,4376.28,4378.45,2852.0,,
1786730400,4378.45,4381.76,4376.5,4377.39,4061.0,,
1786731300,4377.39,4380.56,4377.04,4379.41,2483.0,,
1786732200,4379.37,4382.78,4376.3,4376.44,3051.0,,
1786733100,4376.44,4376.92,4370.91,4373.57,3246.0,,
1786734000,4373.57,4377.2,4372.0,4376.01,2399.0,,
1786734900,4376.01,4377.93,4374.34,4377.35,2439.0,,
1786735800,4377.35,4378.25,4375.63,4375.66,3582.0,,
1786736700,4375.66,4379.96,4373.48,4376.21,7589.0,,
1786737600,4376.23,4376.23,4371.45,4372.82,2933.0,,
1786738500,4372.82,4374.93,4372.49,4374.76,1399.0,,
1786739400,4374.75,4376.8,4373.64,4375.54,1235.0,,
1786740300,4375.54,4376.07,4374.84,4375.59,1095.0,,
1786917600,4384.42,4386.42,4372.18,4375.8,4542.0,,
1786918500,4375.8,4376.0,4372.76,4374.54,2251.0,,
1786919400,4374.54,4379.0,4374.54,4377.78,1777.0,,
1786920300,4377.78,4386.92,4377.69,4385.94,2296.0,,
1786921200,4385.94,4386.27,4379.58,4379.86,2391.0,,
1786922100,4379.85,4381.21,4372.69,4374.76,2500.0,,
1786923000,4374.76,4375.21,4367.18,4368.34,3301.0,,
1786923900,4368.34,4373.86,4368.3,4370.37,3048.0,,
1786924800,4370.37,4379.61,4368.09,4378.84,6908.0,,
1786925700,4378.84,4390.94,4378.52,4389.97,5408.0,,
1786926600,4389.97,4397.6,4387.6,4395.83,5559.0,,
1786927500,4395.83,4402.24,4394.31,4400.8,6473.0,,
1786928400,4400.79,4411.85,4399.14,4409.38,14404.0,,
1786929300,4409.38,4416.5,4406.3,4407.21,10765.0,,
1786930200,4407.2,4408.12,4397.65,4403.63,8178.0,,
1786931100,4403.54,4403.91,4392.14,4395.74,5843.0,,
1786932000,4395.74,4398.24,4392.6,4394.4,5433.0,,
1786932900,4394.4,4397.5,4389.97,4395.49,4067.0,,
1786933800,4395.49,4398.2,4389.82,4393.18,6604.0,,
1786934700,4393.11,4393.51,4388.5,4393.34,4879.0,,
1786935600,4393.34,4395.03,4388.72,4390.37,4903.0,,
1786936500,4390.37,4393.58,4388.15,4393.05,4072.0,,
1786937400,4393.05,4397.22,4391.1,4395.23,3318.0,,
1786938300,4395.23,4397.74,4393.0,4397.16,2627.0,,
1786939200,4397.16,4399.66,4396.56,4398.47,3644.0,,
1786940100,4398.47,4398.97,4390.21,4391.02,2652.0,,
1786941000,4391.02,4396.67,4388.98,4395.77,2875.0,,
1786941900,4395.77,4397.97,4389.92,4390.83,2648.0,,
1786942800,4390.83,4393.28,4386.98,4387.78,3414.0,,
1786943700,4387.78,4399.49,4387.0,4399.49,3565.0,,
1786944600,4399.48,4401.31,4392.25,4395.79,6678.0,,
1786945500,4395.78,4397.61,4392.38,4394.84,4611.0,,
1786946400,4394.82,4398.27,4392.8,4396.88,5432.0,,
1786947300,4396.88,4400.16,4392.75,4398.52,5400.0,,
1786948200,4398.5,4398.75,4393.67,4396.15,5384.0,,
1786949100,4396.15,4404.55,4396.15,4403.15,5944.0,,
1786950000,4403.13,4404.15,4396.15,4396.54,5605.0,,
1786950900,4396.55,4405.29,4396.24,4405.0,5076.0,,
1786951800,4405.0,4411.5,4404.77,4409.42,5763.0,,
1786952700,4409.42,4410.04,4403.64,4405.34,3644.0,,
1786953600,4405.34,4405.34,4397.6,4402.91,4868.0,,
1786954500,4402.9,4403.91,4400.48,4401.92,3354.0,,
1786955400,4401.91,4402.19,4395.99,4396.34,3456.0,,
1786956300,4396.34,4396.94,4392.59,4395.1,2739.0,,
1786957200,4395.1,4400.66,4393.37,4399.2,2729.0,,
1786958100,4399.24,4399.99,4395.65,4396.9,3312.0,,
1786959000,4396.91,4397.55,4393.63,4394.3,3734.0,,
1786959900,4394.29,4395.89,4392.6,4395.59,2859.0,,
1786960800,4395.6,4396.44,4393.14,4396.01,2411.0,,
1786961700,4396.01,4405.66,4391.96,4405.15,4478.0,,
1786962600,4405.14,4405.93,4395.46,4398.24,5910.0,,
1786963500,4398.24,4399.58,4396.28,4399.01,2393.0,,
1786964400,4399.01,4403.94,4397.99,4399.76,3272.0,,
1786965300,4399.77,4404.8,4397.15,4403.61,3292.0,,
1786966200,4403.62,4405.01,4399.19,4399.61,3602.0,,
1786967100,4399.61,4400.76,4395.37,4396.83,3063.0,,
1786968000,4396.83,4397.68,4391.63,4393.99,4170.0,,
1786968900,4393.99,4398.82,4382.14,4385.84,6408.0,,
1786969800,4385.83,4390.28,4378.46,4378.46,7771.0,,
1786970700,4378.46,4386.47,4377.34,4384.96,7537.0,,
1786971600,4384.96,4389.57,4381.85,4386.43,9590.0,,
1786972500,4386.43,4388.88,4382.32,4386.34,5606.0,,
1786973400,4386.36,4392.05,4384.83,4385.71,12605.0,,
1786974300,4385.71,4416.28,4384.6,4408.83,18770.0,,
1786975200,4408.83,4412.88,4403.88,4412.37,17027.0,,
1786976100,4412.39,4427.72,4411.9,4418.26,18327.0,,
1786977000,4418.26,4424.78,4416.59,4417.43,12159.0,,
1786977900,4417.43,4421.03,4413.92,4417.35,12930.0,,
1786978800,4417.35,4422.36,4415.15,4421.31,11374.0,,
1786979700,4421.31,4426.09,4419.46,4425.56,12603.0,,
1786980600,4425.59,4426.47,4418.77,4419.24,11117.0,,
1786981500,4419.24,4427.87,4417.7,4427.56,8518.0,,
1786982400,4427.56,4428.86,4424.02,4426.03,7317.0,,
1786983300,4426.07,4427.62,4422.93,4424.85,7215.0,,
1786984200,4424.85,4427.03,4422.66,4424.63,6000.0,,
1786985100,4424.63,4425.6,4422.59,4424.21,5386.0,,
1786986000,4424.21,4426.2,4421.14,4422.86,7878.0,,
1786986900,4422.87,4423.19,4413.4,4416.56,9498.0,,
1786987800,4416.56,4418.66,4411.19,4417.46,9003.0,,
1786988700,4417.46,4420.6,4413.26,4413.7,6132.0,,
1786989600,4413.7,4414.51,4410.18,4413.77,8159.0,,
1786990500,4413.77,4416.29,4404.74,4406.19,8826.0,,
1786991400,4406.21,4406.87,4398.13,4401.44,7269.0,,
1786992300,4401.44,4407.61,4400.21,4406.71,4098.0,,
1786993200,4406.71,4408.64,4400.31,4408.59,5559.0,,
1786994100,4408.59,4417.53,4408.58,4414.54,6366.0,,
1786995000,4414.54,4420.49,4414.2,4419.4,4404.0,,
1786995900,4419.37,4421.03,4416.6,4419.86,7116.0,,
1786996800,4419.85,4421.4,4416.65,4417.79,2288.0,,
1786997700,4417.82,4418.13,4414.95,4415.17,1108.0,,
1786998600,4415.17,4415.86,4414.58,4415.39,1129.0,,
1786999500,4415.39,4416.6,4414.95,4416.54,821.0,,
1787004000,4418.66,4419.5,4415.02,4416.75,2083.0,,
1787004900,4416.75,4417.34,4411.97,4412.5,1580.0,,
1787005800,4412.49,4415.7,4411.69,4414.62,1436.0,,
1787006700,4414.62,4416.32,4410.56,4411.83,1076.0,,
1787007600,4411.99,4414.97,4409.82,4414.82,1344.0,,
1787008500,4414.82,4421.95,4414.82,4420.34,1705.0,,
1787009400,4420.34,4422.83,4420.03,4422.68,2171.0,,
1787010300,4422.66,4426.08,4421.62,4425.97,2718.0,,
1787011200,4425.97,4430.05,4419.04,4421.8,4873.0,,
1787012100,4421.8,4431.63,4420.96,4431.11,5997.0,,
1787013000,4431.12,4433.53,4428.34,4429.6,4753.0,,
1787013900,4429.6,4435.04,4428.59,4434.64,4441.0,,
1787014800,4434.54,4436.26,4428.65,4429.3,10765.0,,
1787015700,4429.3,4430.85,4420.11,4424.96,7836.0,,
1787016600,4424.96,4426.21,4411.82,4411.9,4934.0,,
1787017500,4411.9,4412.25,4404.27,4408.12,8074.0,,
1787018400,4408.02,4408.45,4398.48,4401.08,5629.0,,
1787019300,4401.08,4405.53,4400.34,4402.41,4016.0,,
1787020200,4402.41,4402.85,4394.22,4395.14,5692.0,,
1787021100,4395.15,4400.52,4394.29,4399.99,4354.0,,
1787022000,4399.99,4404.17,4398.95,4401.67,4740.0,,
1787022900,4401.67,4402.25,4394.38,4397.25,5172.0,,
1787023800,4397.25,4397.29,4394.59,4394.87,3985.0,,
1787024700,4394.87,4395.14,4390.68,4391.94,3742.0,,
1787025600,4391.94,4392.83,4389.9,4392.35,3913.0,,
1787026500,4392.35,4393.7,4390.76,4392.47,3345.0,,
1787027400,4392.47,4394.4,4388.98,4393.56,4179.0,,
1787028300,4393.56,4395.51,4392.23,4393.64,2959.0,,
1787029200,4393.63,4394.25,4390.97,4391.34,3531.0,,
1787030100,4391.34,4396.12,4391.24,4391.44,2926.0,,
1787031000,4391.44,4394.34,4386.1,4393.74,6778.0,,
1787031900,4393.74,4397.66,4393.09,4394.41,4115.0,,
1787032800,4394.41,4395.43,4387.68,4395.39,5362.0,,
1787033700,4395.38,4399.9,4393.66,4399.51,3948.0,,
1787034600,4399.51,4400.22,4395.21,4397.21,3102.0,,
1787035500,4397.21,4399.41,4397.21,4398.93,2502.0,,
1787036400,4398.93,4400.97,4396.84,4397.62,3646.0,,
1787037300,4397.63,4403.45,4397.52,4403.13,3126.0,,
1787038200,4403.13,4403.7,4396.41,4401.58,3667.0,,
1787039100,4401.58,4402.78,4395.5,4395.75,2738.0,,
1787040000,4395.8,4396.29,4387.99,4392.67,5281.0,,
1787040900,4392.67,4393.56,4386.9,4389.4,5113.0,,
1787041800,4389.4,4398.62,4389.16,4396.68,4976.0,,
1787042700,4396.68,4397.01,4391.54,4393.34,3273.0,,
1787043600,4393.32,4393.89,4391.15,4392.76,3611.0,,
1787044500,4392.76,4392.82,4388.7,4389.42,3329.0,,
1787045400,4389.41,4394.97,4387.3,4388.51,3975.0,,
1787046300,4388.51,4395.06,4387.03,4393.36,2745.0,,
1787047200,4393.34,4395.89,4392.36,4394.57,2807.0,,
1787048100,4394.57,4396.16,4389.82,4392.09,2137.0,,
1787049000,4392.09,4398.66,4391.74,4398.64,2234.0,,
1787049900,4398.64,4399.64,4396.51,4397.69,2038.0,,
1787050800,4397.68,4399.09,4392.02,4393.61,2791.0,,
1787051700,4393.61,4394.76,4389.7,4390.14,2863.0,,
1787052600,4390.13,4392.53,4388.61,4391.01,3239.0,,
1787053500,4391.01,4396.84,4389.8,4396.0,2679.0,,
1787054400,4396.0,4397.08,4389.67,4393.26,4241.0,,
1787055300,4393.26,4400.81,4391.57,4395.31,4743.0,,
1787056200,4395.31,4398.12,4391.09,4392.21,4557.0,,
1787057100,4392.21,4397.03,4390.77,4394.2,4732.0,,
1787058000,4394.22,4397.4,4388.35,4395.86,7939.0,,
1787058900,4395.86,4396.17,4388.21,4389.04,7209.0,,
1787059800,4389.04,4406.96,4376.16,4401.14,25652.0,,
1787060700,4401.14,4402.25,4389.49,4394.65,21484.0,,
1787061600,4394.65,4406.55,4391.16,4393.32,18687.0,,
1787062500,4393.32,4405.13,4392.33,4394.22,14823.0,,
1787063400,4394.21,4396.27,4377.69,4379.65,15563.0,,
1787064300,4379.65,4389.02,4363.68,4366.57,18696.0,,
1787065200,4366.58,4377.71,4358.27,4360.11,23697.0,,
1787066100,4360.11,4365.35,4351.69,4355.08,19830.0,,
1787067000,4355.08,4362.35,4354.64,4358.65,17745.0,,
1787067900,4358.69,4366.64,4358.69,4364.83,10694.0,,
1787068800,4364.87,4371.67,4364.87,4367.77,8879.0,,
1787069700,4367.77,4369.66,4363.55,4364.17,8272.0,,
1787070600,4364.23,4368.61,4363.1,4367.35,8405.0,,
1787071500,4367.35,4368.83,4363.1,4363.79,7666.0,,
1787072400,4363.83,4367.22,4363.65,4366.98,8200.0,,
1787073300,4367.02,4368.39,4363.18,4365.47,9006.0,,
1787074200,4365.43,4366.38,4358.7,4358.7,7813.0,,
1787075100,4358.71,4360.52,4356.79,4357.78,6100.0,,
1787076000,4357.79,4358.14,4352.75,4357.84,7108.0,,
1787076900,4357.84,4360.97,4355.71,4360.26,6236.0,,
1787077800,4360.25,4360.62,4353.51,4354.26,5965.0,,
1787078700,4354.26,4356.17,4352.84,4354.29,4544.0,,
1787079600,4354.34,4358.49,4354.06,4357.08,4754.0,,
1787080500,4357.08,4358.75,4352.44,4354.82,5266.0,,
1787081400,4354.87,4357.7,4349.73,4349.88,6288.0,,
1787082300,4349.9,4353.56,4338.19,4345.66,12788.0,,
1787083200,4345.65,4346.57,4340.8,4342.09,3165.0,,
1787084100,4342.04,4342.36,4333.56,4337.94,3001.0,,
1787085000,4337.95,4339.65,4331.48,4332.13,1888.0,,
1787085900,4332.13,4335.24,4329.05,4334.17,2579.0,,
1787090400,4341.55,4344.29,4336.14,4341.33,2412.0,,
1787091300,4341.33,4342.7,4333.94,4336.39,4674.0,,
1787092200,4336.39,4336.79,4332.95,4333.95,2707.0,,
1787093100,4333.95,4335.75,4333.23,4333.89,2412.0,,
1787094000,4334.1,4338.44,4332.77,4334.18,3040.0,,
1787094900,4334.18,4337.44,4329.97,4330.47,3883.0,,
1787095800,4330.47,4332.75,4327.24,4329.94,4008.0,,
1787096700,4329.94,4334.34,4329.61,4333.11,4119.0,,
1787097600,4333.11,4345.03,4331.62,4343.06,8052.0,,
1787098500,4343.06,4346.44,4339.29,4342.99,6552.0,,
1787099400,4342.99,4347.35,4339.79,4343.79,5876.0,,
1787100300,4343.79,4344.88,4337.21,4338.21,6924.0,,
1787101200,4338.24,4343.98,4324.53,4343.83,15849.0,,
1787102100,4343.82,4346.27,4333.09,4342.43,11562.0,,
1787103000,4342.43,4357.65,4342.42,4355.59,8977.0,,
1787103900,4355.59,4356.74,4350.65,4356.54,5929.0,,
1787104800,4356.54,4357.29,4351.72,4353.66,4660.0,,
1787105700,4353.66,4362.09,4352.48,4359.72,5120.0,,
1787106600,4359.72,4360.25,4354.12,4355.21,5743.0,,
1787107500,4355.21,4357.16,4351.48,4354.91,6056.0,,
1787108400,4354.91,4356.15,4352.0,4354.58,4668.0,,
1787109300,4354.58,4357.99,4351.9,4357.14,2910.0,,
1787110200,4357.14,4360.4,4356.0,4358.59,2644.0,,
1787111100,4358.59,4358.88,4354.79,4354.99,2080.0,,
1787112000,4354.99,4356.24,4353.04,4354.71,1634.0,,
1787112900,4354.71,4354.99,4350.03,4351.21,2696.0,,
1787113800,4351.21,4352.08,4345.03,4346.55,2804.0,,
1787114700,4346.55,4348.57,4343.93,4348.51,2251.0,,
1787115600,4348.51,4350.69,4338.7,4338.9,3516.0,,
1787116500,4338.9,4345.34,4336.73,4345.25,2935.0,,
1787117400,4345.22,4345.45,4336.79,4342.3,7574.0,,
1787118300,4342.3,4342.3,4334.96,4335.66,6056.0,,
1787119200,4335.65,4341.91,4335.3,4337.47,7251.0,,
1787120100,4337.47,4348.45,4336.91,4343.22,6016.0,,
1787121000,4343.25,4345.66,4337.13,4341.92,6011.0,,
1787121900,4341.92,4349.44,4340.81,4349.19,5818.0,,
1787122800,4349.17,4353.5,4347.47,4350.55,4496.0,,
1787123700,4350.55,4357.08,4347.52,4356.8,4454.0,,
1787124600,4356.8,4363.25,4352.78,4354.48,4332.0,,
1787125500,4354.48,4357.71,4354.28,4354.86,3218.0,,
1787126400,4354.86,4362.86,4351.11,4361.62,7333.0,,
1787127300,4361.62,4362.49,4357.36,4360.97,5039.0,,
1787128200,4360.97,4363.15,4356.57,4362.65,4876.0,,
1787129100,4362.65,4363.28,4354.83,4355.74,4990.0,,
1787130000,4355.74,4359.87,4355.07,4356.36,5356.0,,
1787130900,4356.36,4357.46,4353.46,4356.64,4633.0,,
1787131800,4356.63,4361.06,4355.4,4358.86,4368.0,,
1787132700,4358.86,4362.01,4358.08,4361.94,3867.0,,
1787133600,4361.95,4364.21,4359.58,4363.76,3659.0,,
1787134500,4363.76,4369.13,4363.59,4368.77,3328.0,,
1787135400,4368.77,4369.52,4365.94,4368.05,2302.0,,
1787136300,4368.05,4369.52,4366.3,4367.3,1859.0,,
1787137200,4367.33,4374.12,4367.33,4373.35,4248.0,,
1787138100,4373.35,4374.15,4368.9,4370.94,2534.0,,
1787139000,4370.94,4371.74,4363.23,4363.63,3504.0,,
1787139900,4363.63,4367.69,4363.48,4364.71,3285.0,,
1787140800,4364.71,4370.69,4362.17,4368.35,4329.0,,
1787141700,4368.35,4373.66,4366.02,4369.39,5856.0,,
1787142600,4369.39,4420.82,4368.71,4417.61,26866.0,,
1787143500,4417.7,4442.36,4411.47,4438.81,26603.0,,
1787144400,4438.81,4461.01,4424.35,4456.26,22759.0,,
1787145300,4456.27,4464.27,4454.9,4458.24,17834.0,,
1787146200,4458.25,4466.24,4442.3,4460.65,29995.0,,
1787147100,4460.65,4463.44,4445.16,4459.68,28663.0,,
1787148000,4459.71,4475.63,4455.32,4473.92,26081.0,,
1787148900,4473.93,4487.91,4470.24,4486.07,25852.0,,
1787149800,4486.08,4498.75,4483.92,4489.59,22176.0,,
1787150700,4489.59,4489.72,4478.07,4488.23,19816.0,,
1787151600,4488.23,4488.41,4479.86,4485.55,16556.0,,
1787152500,4485.55,4487.94,4478.2,4483.68,16258.0,,
1787153400,4483.69,4492.65,4480.26,4490.3,13204.0,,
1787154300,4490.3,4494.32,4488.71,4493.85,10195.0,,
1787155200,4493.84,4499.06,4491.17,4497.69,11542.0,,
1787156100,4497.7,4499.34,4490.62,4491.23,10615.0,,
1787157000,4491.22,4496.49,4490.67,4495.21,11202.0,,
1787157900,4495.21,4497.88,4493.24,4493.31,12265.0,,
1787158800,4493.34,4499.03,4488.97,4492.57,14336.0,,
1787159700,4492.56,4492.81,4486.17,4488.12,11261.0,,
1787160600,4488.13,4491.67,4484.41,4488.73,6379.0,,
1787161500,4488.73,4489.56,4484.44,4487.05,5270.0,,
1787162400,4487.08,4496.54,4485.67,4488.04,14065.0,,
1787163300,4488.04,4488.05,4472.79,4475.48,10814.0,,
1787164200,4475.47,4491.67,4472.11,4490.49,14106.0,,
1787165100,4490.5,4497.18,4489.5,4495.2,8775.0,,
1787166000,4495.18,4505.88,4494.49,4503.34,12748.0,,
1787166900,4503.34,4507.69,4502.61,4507.0,11637.0,,
1787167800,4507.01,4510.71,4502.52,4507.12,13355.0,,
1787168700,4507.12,4512.23,4505.26,4511.27,17770.0,,
1787169600,4511.27,4512.17,4505.28,4506.89,4105.0,,
1787170500,4506.89,4522.14,4506.46,4518.59,4566.0,,
1787171400,4518.58,4523.65,4518.1,4519.35,3270.0,,
1787172300,4519.35,4524.14,4519.35,4522.82,2306.0,,
1787176800,4518.47,4527.45,4518.47,4519.91,5873.0,,
1787177700,4519.91,4521.51,4519.08,4520.88,2379.0,,
1787178600,4520.88,4522.04,4517.76,4518.62,2500.0,,
1787179500,4518.62,4522.01,4516.41,4518.87,2142.0,,
1787180400,4518.87,4523.76,4517.42,4519.48,4122.0,,
1787181300,4519.48,4520.27,4515.41,4517.73,2651.0,,
1787182200,4517.73,4518.26,4513.78,4514.41,2514.0,,
1787183100,4514.41,4517.47,4511.36,4511.81,2675.0,,
1787184000,4511.81,4518.91,4510.32,4516.26,7172.0,,
1787184900,4516.26,4521.29,4508.64,4510.36,6468.0,,
1787185800,4510.36,4513.25,4503.93,4505.92,5277.0,,
1787186700,4505.92,4510.51,4503.98,4504.68,5696.0,,
1787187600,4504.68,4510.17,4491.78,4493.3,16297.0,,
1787188500,4493.3,4503.36,4493.27,4500.54,10895.0,,
1787189400,4500.54,4501.22,4493.45,4493.93,10613.0,,
1787190300,4493.93,4495.63,4484.46,4489.73,7675.0,,
1787191200,4489.73,4499.71,4488.64,4497.83,9375.0,,
1787192100,4497.83,4497.85,4489.57,4492.83,4344.0,,
1787193000,4492.9,4494.48,4490.18,4490.64,5487.0,,
1787193900,4490.64,4494.82,4488.97,4490.84,6472.0,,
1787194800,4490.84,4497.08,4488.06,4492.77,6878.0,,
1787195700,4492.77,4496.64,4490.38,4493.6,5121.0,,
1787196600,4493.61,4498.79,4492.34,4498.0,3853.0,,
1787197500,4497.98,4501.03,4496.86,4498.84,4078.0,,
1787198400,4498.85,4499.24,4495.02,4496.52,3662.0,,
1787199300,4496.52,4497.25,4489.9,4490.01,3656.0,,
1787200200,4490.02,4490.94,4486.37,4487.21,3590.0,,
1787201100,4487.2,4491.64,4487.04,4488.63,2505.0,,
1787202000,4488.63,4494.04,4484.26,4485.6,3245.0,,
1787202900,4485.6,4487.08,4482.98,4483.17,3297.0,,
1787203800,4483.16,4486.13,4477.98,4480.75,5118.0,,
1787204700,4480.75,4483.27,4477.94,4481.38,4033.0,,
1787205600,4481.38,4493.42,4480.07,4492.86,5085.0,,
1787206500,4492.86,4495.98,4491.87,4494.15,4523.0,,
1787207400,4494.15,4495.4,4491.83,4492.48,3793.0,,
1787208300,4492.52,4495.33,4491.25,4493.87,4212.0,,
1787209200,4493.88,4494.04,4487.31,4487.96,5834.0,,
1787210100,4487.96,4490.48,4483.68,4484.03,5263.0,,
1787211000,4484.04,4493.52,4483.52,4491.18,6720.0,,
1787211900,4491.19,4494.13,4488.44,4490.96,4771.0,,
1787212800,4490.96,4495.38,4490.63,4494.41,7272.0,,
1787213700,4494.41,4498.75,4490.08,4491.42,5212.0,,
1787214600,4491.42,4495.4,4487.17,4490.63,5943.0,,
1787215500,4490.63,4492.1,4487.69,4489.42,3935.0,,
1787216400,4489.42,4494.24,4488.56,4492.35,4184.0,,
1787217300,4492.35,4493.88,4488.2,4489.97,3516.0,,
1787218200,4490.01,4490.64,4484.52,4489.24,4404.0,,
1787219100,4489.24,4489.24,4481.87,4482.74,4649.0,,
1787220000,4482.75,4491.41,4480.73,4490.53,3593.0,,
1787220900,4490.53,4494.22,4486.49,4493.84,3386.0,,
1787221800,4493.84,4494.99,4490.09,4491.19,3512.0,,
1787222700,4491.19,4491.31,4487.48,4490.14,3096.0,,
1787223600,4490.16,4491.28,4482.72,4485.28,4974.0,,
1787224500,4485.21,4489.85,4481.17,4484.28,4076.0,,
1787225400,4484.28,4486.86,4474.26,4474.89,5820.0,,
1787226300,4474.89,4475.75,4465.48,4467.04,10131.0,,
1787227200,4467.04,4467.37,4450.68,4462.58,15698.0,,
1787228100,4462.57,4467.92,4457.01,4459.49,14075.0,,
1787229000,4459.59,4467.08,4451.17,4466.71,12465.0,,
1787229900,4466.71,4477.16,4464.12,4474.82,8841.0,,
1787230800,4474.81,4484.64,4471.87,4472.84,11737.0,,
1787231700,4472.84,4476.72,4470.2,4471.83,9583.0,,
1787232600,4471.83,4488.03,4469.33,4486.68,22675.0,,
1787233500,4486.74,4489.33,4479.4,4481.78,19109.0,,
1787234400,4481.62,4490.68,4480.86,4485.12,16926.0,,
1787235300,4485.12,4493.94,4481.73,4491.64,13964.0,,
1787236200,4491.64,4501.27,4491.64,4499.3,13634.0,,
1787237100,4499.3,4516.43,4498.77,4516.03,11458.0,,
1787238000,4516.03,4537.39,4515.04,4535.11,31183.0,,
1787238900,4535.12,4540.92,4523.49,4532.51,25586.0,,
1787239800,4532.51,4533.9,4509.74,4511.51,19513.0,,
1787240700,4511.51,4524.22,4510.86,4521.65,17130.0,,
1787241600,4521.65,4524.84,4510.42,4511.17,15220.0,,
1787242500,4511.07,4513.2,4505.54,4509.33,12429.0,,
1787243400,4509.33,4512.75,4502.75,4509.25,12312.0,,
1787244300,4509.25,4513.79,4507.45,4510.01,9541.0,,
1787245200,4510.01,4513.99,4507.77,4509.4,6396.0,,
1787246100,4509.4,4516.66,4507.87,4512.89,9061.0,,
1787247000,4512.9,4518.76,4510.82,4518.25,6979.0,,
1787247900,4518.25,4520.48,4517.14,4519.9,5767.0,,
1787248800,4519.91,4522.42,4509.29,4510.75,7453.0,,
1787249700,4510.71,4520.24,4508.28,4519.07,6492.0,,
1787250600,4519.07,4523.55,4518.58,4520.21,5941.0,,
1787251500,4520.21,4525.33,4518.01,4522.08,6352.0,,
1787252400,4522.07,4528.18,4518.22,4527.76,7108.0,,
1787253300,4527.76,4529.45,4522.75,4522.84,6219.0,,
1787254200,4522.84,4529.64,4522.02,4526.23,8412.0,,
1787255100,4526.25,4532.21,4524.92,4528.69,12022.0,,
1787256000,4528.69,4529.19,4522.46,4522.53,3898.0,,
1787256900,4522.53,4522.88,4520.5,4520.82,2588.0,,
1787257800,4520.83,4521.0,4516.8,4518.01,2419.0,,
1787258700,4518.01,4521.16,4517.82,4519.11,1599.0,,
1787263200,4515.79,4521.39,4511.41,4518.37,2174.0,,
1787264100,4518.37,4520.9,4518.08,4519.7,2016.0,,
1787265000,4519.7,4523.65,4518.38,4522.74,1989.0,,
1787265900,4522.74,4524.37,4519.59,4524.17,1994.0,,
1787266800,4524.08,4532.86,4523.51,4531.79,3332.0,,
1787267700,4531.79,4532.4,4522.69,4527.07,3037.0,,
1787268600,4527.05,4528.71,4520.92,4524.63,3476.0,,
1787269500,4524.63,4528.2,4523.12,4526.28,3535.0,,
1787270400,4526.28,4527.48,4517.51,4518.73,7041.0,,
1787271300,4518.74,4520.75,4513.9,4514.92,7193.0,,
1787272200,4514.93,4517.25,4510.95,4513.77,5694.0,,
1787273100,4513.77,4514.01,4509.83,4510.55,5761.0,,
1787274000,4510.55,4521.13,4508.77,4520.85,15777.0,,
1787274900,4520.85,4530.62,4520.44,4529.51,9948.0,,
1787275800,4529.5,4543.8,4523.72,4526.16,9048.0,,
1787276700,4526.16,4533.43,4525.47,4530.82,5935.0,,
1787277600,4530.79,4531.24,4518.26,4521.16,7814.0,,
1787278500,4521.16,4529.46,4520.3,4527.32,3820.0,,
1787279400,4527.31,4538.34,4525.2,4538.24,5798.0,,
1787280300,4538.24,4542.98,4532.54,4533.77,5464.0,,
1787281200,4533.78,4538.48,4532.1,4532.57,4595.0,,
1787282100,4532.57,4534.83,4529.67,4529.71,3980.0,,
1787283000,4529.71,4535.85,4526.72,4529.21,3541.0,,
1787283900,4529.21,4535.77,4528.23,4535.46,2273.0,,
1787284800,4535.46,4541.99,4535.41,4540.26,4118.0,,
1787285700,4540.26,4547.29,4537.5,4546.83,4881.0,,
1787286600,4546.83,4547.93,4540.81,4541.77,3674.0,,
1787287500,4541.77,4542.46,4540.22,4540.63,2535.0,,
1787288400,4540.63,4540.81,4534.74,4537.26,3959.0,,
1787289300,4537.27,4538.72,4530.56,4530.56,3690.0,,
1787290200,4530.54,4543.63,4529.17,4543.25,5524.0,,
1787291100,4543.25,4556.34,4541.64,4553.65,6000.0,,
1787292000,4553.65,4555.27,4545.6,4549.0,5974.0,,
1787292900,4549.0,4558.37,4548.96,4555.54,5871.0,,
1787293800,4555.53,4565.84,4554.66,4562.57,7563.0,,
1787294700,4562.57,4567.64,4560.93,4560.93,6496.0,,
1787295600,4560.9,4566.07,4558.5,4561.55,5928.0,,
1787296500,4561.55,4567.97,4559.81,4561.74,4140.0,,
1787297400,4561.56,4566.37,4560.01,4564.38,5366.0,,
1787298300,4564.38,4568.01,4560.93,4564.32,4470.0,,
1787299200,4564.32,4568.0,4559.2,4565.58,4995.0,,
1787300100,4565.62,4581.85,4563.94,4579.4,7743.0,,
1787301000,4579.44,4584.19,4576.47,4582.46,7108.0,,
1787301900,4582.46,4585.03,4580.44,4584.02,4487.0,,
1787302800,4584.02,4600.7,4582.26,4599.3,6792.0,,
1787303700,4599.3,4602.1,4581.26,4582.25,8472.0,,
1787304600,4582.25,4586.83,4580.8,4583.13,5661.0,,
1787305500,4583.13,4585.56,4580.43,4582.58,3409.0,,
1787306400,4582.58,4588.93,4578.0,4578.82,5189.0,,
1787307300,4578.82,4589.32,4578.52,4588.61,4295.0,,
1787308200,4588.61,4594.24,4585.71,4593.19,3737.0,,
1787309100,4593.19,4593.67,4587.84,4588.54,4251.0,,
1787310000,4588.55,4595.47,4587.2,4590.62,5382.0,,
1787310900,4590.62,4600.92,4590.62,4598.43,7194.0,,
1787311800,4598.43,4604.53,4593.39,4596.99,7302.0,,
1787312700,4596.99,4600.64,4595.79,4597.14,5772.0,,
1787313600,4597.13,4601.64,4589.19,4592.83,9228.0,,
1787314500,4592.83,4595.87,4581.98,4584.88,7790.0,,
1787315400,4584.88,4584.88,4563.56,4573.66,10727.0,,
1787316300,4573.65,4580.98,4573.21,4577.99,7550.0,,
1787317200,4577.97,4587.04,4575.78,4585.33,11839.0,,
1787318100,4585.38,4587.8,4579.27,4584.17,8550.0,,
1787319000,4584.16,4591.02,4573.36,4587.94,20707.0,,
1787319900,4587.94,4592.97,4576.85,4581.07,14995.0,,
1787320800,4581.07,4590.78,4579.96,4589.69,13371.0,,
1787321700,4589.84,4603.22,4586.53,4603.13,17843.0,,
1787322600,4603.14,4603.67,4580.56,4582.64,25206.0,,
1787323500,4582.6,4595.43,4580.59,4591.65,19678.0,,
1787324400,4591.66,4598.26,4587.33,4595.24,15897.0,,
1787325300,4595.25,4607.48,4595.15,4602.98,14225.0,,
1787326200,4603.03,4610.59,4599.62,4609.63,14925.0,,
1787327100,4609.64,4615.34,4607.1,4614.54,16503.0,,
1787328000,4614.55,4617.82,4609.1,4614.53,14668.0,,
1787328900,4614.53,4620.93,4610.53,4614.03,12509.0,,
1787329800,4614.04,4622.01,4612.27,4621.4,9703.0,,
1787330700,4621.4,4629.36,4621.03,4628.94,10500.0,,
1787331600,4628.94,4632.18,4621.74,4623.23,12988.0,,
1787332500,4623.23,4625.95,4615.31,4622.02,16832.0,,
1787333400,4622.02,4624.79,4618.73,4619.5,10562.0,,
1787334300,4619.5,4622.53,4616.98,4620.61,9715.0,,
1787335200,4620.59,4627.65,4620.4,4624.06,7684.0,,
1787336100,4624.05,4627.61,4624.04,4625.09,5761.0,,
1787337000,4625.09,4625.13,4619.52,4621.01,7063.0,,
1787337900,4621.01,4625.99,4620.93,4624.48,4573.0,,
1787338800,4624.48,4625.63,4618.59,4622.8,5132.0,,
1787339700,4622.8,4623.4,4617.77,4617.99,5600.0,,
1787340600,4617.99,4619.99,4615.79,4618.21,6057.0,,
1787341500,4618.21,4623.79,4615.6,4616.98,8333.0,,
1787342400,4616.98,4617.76,4614.98,4616.9,2481.0,,
1787343300,4616.9,4617.65,4610.29,4610.97,2601.0,,
1787344200,4610.98,4612.05,4607.59,4608.1,2144.0,,
1787345100,4608.1,4608.78,4603.01,4603.23,2832.0,,
1787522400,4608.89,4624.63,4605.68,4617.42,6204.0,,
1787523300,4617.41,4620.94,4612.94,4614.24,3789.0,,
1787524200,4614.24,4617.04,4607.11,4611.01,3837.0,,
1787525100,4611.02,4611.09,4606.14,4606.25,2937.0,,
1787526000,4606.25,4609.44,4604.73,4607.6,2820.0,,
1787526900,4607.6,4616.26,4606.84,4615.21,2653.0,,
1787527800,4615.21,4619.28,4607.64,4608.41,3437.0,,
1787528700,4608.41,4624.66,4608.25,4624.18,5618.0,,
1787529600,4624.2,4640.98,4620.25,4637.43,13890.0,,
1787530500,4637.44,4640.46,4594.43,4604.89,15148.0,,
1787531400,4604.87,4608.87,4601.23,4607.1,11998.0,,
1787532300,4607.1,4623.34,4603.96,4621.85,9558.0,,
1787533200,4621.85,4635.22,4618.92,4622.16,20101.0,,
1787534100,4622.16,4625.86,4611.15,4614.54,15039.0,,
1787535000,4614.58,4621.14,4608.06,4618.17,12469.0,,
1787535900,4618.17,4637.68,4615.12,4632.24,10421.0,,
1787536800,4632.24,4652.29,4627.94,4650.48,11589.0,,
1787537700,4650.48,4655.55,4649.37,4655.31,8056.0,,
1787538600,4655.3,4656.89,4637.47,4637.68,11286.0,,
1787539500,4637.68,4644.95,4627.56,4643.75,9605.0,,
1787540400,4643.75,4644.19,4633.47,4637.31,6710.0,,
1787541300,4637.31,4648.49,4635.52,4643.88,8342.0,,
1787542200,4643.88,4650.23,4642.81,4643.07,5808.0,,
1787543100,4643.07,4644.84,4640.15,4641.65,4401.0,,
1787544000,4641.65,4642.61,4632.5,4638.48,6788.0,,
1787544900,4638.48,4641.97,4634.55,4640.45,5937.0,,
1787545800,4640.45,4640.77,4633.08,4638.24,5463.0,,
1787546700,4638.24,4640.47,4636.01,4638.96,4478.0,,
1787547600,4638.96,4643.58,4638.67,4643.52,6238.0,,
1787548500,4643.52,4646.6,4636.14,4636.16,6513.0,,
1787549400,4636.16,4639.67,4629.74,4633.46,13207.0,,
1787550300,4633.46,4643.35,4630.34,4640.99,9219.0,,
1787551200,4640.99,4652.61,4639.42,4652.12,9093.0,,
1787552100,4652.12,4659.96,4640.85,4642.57,9636.0,,
1787553000,4642.57,4653.77,4642.02,4643.0,9122.0,,
1787553900,4643.0,4654.02,4642.95,4650.12,8863.0,,
1787554800,4650.08,4654.78,4644.36,4648.4,9153.0,,
1787555700,4648.4,4650.14,4642.34,4642.81,8121.0,,
1787556600,4642.81,4647.96,4634.89,4634.89,8125.0,,
1787557500,4634.89,4643.95,4630.19,4641.68,8359.0,,
1787558400,4641.7,4646.37,4635.89,4637.58,10019.0,,
1787559300,4637.58,4639.93,4629.4,4629.4,8400.0,,
1787560200,4629.37,4646.17,4628.85,4645.45,6631.0,,
1787561100,4645.45,4646.11,4635.99,4637.96,5243.0,,
1787562000,4637.96,4644.8,4637.26,4641.96,5788.0,,
1787562900,4641.96,4642.02,4634.93,4635.93,4809.0,,
1787563800,4635.93,4640.84,4632.94,4639.23,6090.0,,
1787564700,4639.12,4646.18,4638.94,4645.99,4796.0,,
1787565600,4645.98,4650.21,4645.5,4648.17,5875.0,,
1787566500,4648.17,4648.59,4642.4,4643.24,5214.0,,
1787567400,4643.24,4649.18,4642.71,4644.34,5386.0,,
1787568300,4644.34,4647.13,4641.74,4643.35,5272.0,,
1787569200,4643.34,4646.82,4639.12,4642.33,6332.0,,
1787570100,4642.33,4647.7,4640.45,4646.54,4742.0,,
1787571000,4646.56,4670.14,4643.51,4658.92,18200.0,,
1787571900,4658.94,4661.58,4648.3,4657.9,10712.0,,
1787572800,4657.9,4660.2,4650.09,4657.39,9485.0,,
1787573700,4657.38,4662.75,4651.62,4661.88,11316.0,,
1787574600,4661.88,4668.88,4645.23,4657.5,13210.0,,
1787575500,4657.51,4667.47,4654.37,4662.83,8667.0,,
1787576400,4662.86,4677.85,4661.51,4677.16,13259.0,,
1787577300,4677.17,4678.0,4667.74,4672.45,11083.0,,
1787578200,4672.49,4680.98,4658.51,4658.77,31176.0,,
1787579100,4658.81,4678.27,4656.13,4664.78,29047.0,,
1787580000,4664.75,4672.2,4659.93,4665.85,26815.0,,
1787580900,4665.85,4675.12,4655.52,4671.84,21170.0,,
1787581800,4671.86,4678.87,4669.55,4672.05,15466.0,,
1787582700,4672.05,4676.0,4656.97,4670.42,17295.0,,
1787583600,4670.43,4676.71,4665.48,4673.01,15731.0,,
1787584500,4673.03,4679.71,4668.25,4675.93,13857.0,,
1787585400,4675.93,4677.52,4659.8,4660.71,16054.0,,
1787586300,4660.71,4663.21,4639.94,4649.1,18355.0,,
1787587200,4649.15,4661.97,4646.58,4657.58,14675.0,,
1787588100,4657.58,4660.49,4656.08,4658.92,8595.0,,
1787589000,4658.92,4662.28,4658.45,4659.67,6616.0,,
1787589900,4659.67,4660.06,4641.74,4644.85,9826.0,,
1787590800,4644.86,4655.33,4641.72,4651.85,15481.0,,
1787591700,4651.84,4654.23,4630.29,4638.53,20084.0,,
1787592600,4638.54,4643.06,4635.68,4638.78,12163.0,,
1787593500,4638.78,4639.13,4632.78,4636.68,9472.0,,
1787594400,4636.66,4640.77,4625.18,4632.1,11947.0,,
1787595300,4632.08,4642.29,4627.27,4640.47,10279.0,,
1787596200,4640.48,4641.9,4625.27,4635.04,10906.0,,
1787597100,4635.04,4637.73,4631.6,4636.65,8403.0,,
1787598000,4636.63,4640.8,4636.01,4636.36,7709.0,,
1787598900,4636.36,4645.04,4635.99,4641.46,7566.0,,
1787599800,4641.46,4650.86,4640.23,4650.04,10563.0,,
1787600700,4650.04,4656.22,4649.89,4651.8,13028.0,,
1787601600,4651.81,4655.27,4650.35,4650.53,3481.0,,
1787602500,4650.53,4653.73,4649.02,4649.34,1963.0,,
1787603400,4649.34,4650.06,4647.19,4647.66,1147.0,,
1787604300,4647.66,4652.65,4647.16,4651.65,1890.0,,
1787608800,4654.0,4660.7,4646.96,4658.73,3444.0,,
1787609700,4658.73,4659.6,4656.85,4657.77,1138.0,,
1787610600,4657.74,4661.61,4657.35,4661.6,1567.0,,
1787611500,4661.55,4668.46,4660.98,4667.7,1789.0,,
1787612400,4667.62,4672.31,4666.89,4672.25,2251.0,,
1787613300,4672.25,4677.01,4669.26,4669.36,2887.0,,
1787614200,4669.36,4677.08,4667.67,4676.59,3395.0,,
1787615100,4676.58,4682.69,4675.1,4679.9,5624.0,,
1787616000,4679.9,4691.89,4675.47,4690.52,11942.0,,
1787616900,4690.52,4691.26,4676.69,4682.4,9363.0,,
1787617800,4682.4,4696.91,4681.93,4693.77,10842.0,,
1787618700,4693.77,4694.83,4683.93,4684.12,9963.0,,
1787619600,4684.11,4686.33,4671.04,4678.18,16431.0,,
1787620500,4678.18,4680.21,4664.28,4669.58,11345.0,,
1787621400,4669.58,4674.61,4666.79,4670.67,11446.0,,
1787622300,4670.66,4675.72,4656.63,4658.04,11552.0,,
1787623200,4658.06,4661.45,4638.4,4642.01,15636.0,,
1787624100,4642.01,4656.87,4641.18,4656.46,8773.0,,
1787625000,4656.43,4656.83,4631.01,4631.02,13719.0,,
1787625900,4631.0,4637.7,4617.76,4629.62,15599.0,,
1787626800,4629.6,4638.12,4622.3,4633.81,11414.0,,
1787627700,4633.81,4638.48,4632.15,4637.87,8262.0,,
1787628600,4637.87,4641.35,4634.11,4634.53,5424.0,,
1787629500,4634.51,4635.92,4631.57,4633.7,4440.0,,
1787630400,4633.7,4637.8,4630.96,4637.17,4409.0,,
1787631300,4637.17,4637.29,4628.93,4630.87,3961.0,,
1787632200,4630.87,4632.73,4623.78,4625.96,5520.0,,
1787633100,4625.96,4628.95,4624.2,4625.96,4843.0,,
1787634000,4625.96,4639.23,4624.12,4638.11,6084.0,,
1787634900,4638.11,4647.98,4638.0,4646.62,4916.0,,
1787635800,4646.6,4647.11,4638.1,4639.07,8751.0,,
1787636700,4639.07,4646.13,4635.9,4643.08,8076.0,,
1787637600,4643.12,4650.51,4641.4,4649.72,7484.0,,
1787638500,4649.72,4653.44,4645.53,4650.16,5758.0,,
1787639400,4650.16,4653.46,4647.86,4647.91,5383.0,,
1787640300,4647.82,4649.31,4637.15,4638.41,5685.0,,
1787641200,4638.42,4642.1,4636.55,4639.87,6553.0,,
1787642100,4639.87,4643.81,4634.28,4634.59,4971.0,,
1787643000,4634.59,4640.15,4634.0,4639.67,4886.0,,
1787643900,4639.7,4640.68,4629.9,4630.15,5116.0,,
1787644800,4630.15,4631.24,4620.3,4626.65,9144.0,,
1787645700,4626.65,4645.35,4625.94,4632.91,11349.0,,
1787646600,4632.86,4635.29,4625.81,4632.11,7879.0,,
1787647500,4632.1,4633.72,4625.13,4630.29,5423.0,,
1787648400,4630.26,4633.35,4624.84,4630.44,7281.0,,
1787649300,4630.44,4633.49,4625.8,4626.58,5083.0,,
1787650200,4626.55,4639.53,4624.2,4637.24,10001.0,,
1787651100,4637.24,4642.47,4635.96,4636.42,7118.0,,
1787652000,4636.42,4638.58,4633.25,4635.49,4990.0,,
1787652900,4635.49,4638.99,4633.11,4633.71,4681.0,,
1787653800,4633.71,4641.0,4632.88,4637.8,5004.0,,
1787654700,4637.8,4642.4,4637.05,4639.33,4092.0,,
1787655600,4639.33,4643.31,4636.6,4642.86,5500.0,,
1787656500,4642.86,4645.11,4639.15,4641.63,4224.0,,
1787657400,4641.64,4645.26,4640.45,4640.71,4671.0,,
1787658300,4640.71,4647.46,4640.71,4642.49,5271.0,,
1787659200,4642.65,4642.79,4635.08,4639.24,6890.0,,
1787660100,4639.19,4639.43,4632.0,4637.38,6309.0,,
1787661000,4637.38,4640.8,4630.18,4638.48,7173.0,,
1787661900,4638.48,4644.3,4637.41,4640.92,7256.0,,
1787662800,4640.92,4641.36,4622.92,4623.17,14155.0,,
1787663700,4623.17,4628.06,4608.68,4609.78,13653.0,,
1787664600,4609.75,4623.6,4609.31,4612.84,21316.0,,
1787665500,4612.84,4617.77,4605.38,4616.62,18913.0,,
1787666400,4616.61,4626.56,4613.62,4622.98,17864.0,,
1787667300,4622.98,4628.44,4618.5,4623.94,14025.0,,
1787668200,4623.94,4638.16,4612.68,4637.25,15752.0,,
1787669100,4637.25,4640.06,4632.73,4635.68,11385.0,,
1787670000,4635.66,4637.22,4630.57,4633.35,12457.0,,
1787670900,4633.35,4644.78,4629.43,4639.9,12245.0,,
1787671800,4639.89,4659.54,4639.89,4656.26,17788.0,,
1787672700,4656.24,4657.42,4648.95,4652.68,11644.0,,
1787673600,4652.68,4653.38,4642.83,4644.8,9969.0,,
1787674500,4644.75,4647.31,4637.98,4640.76,8981.0,,
1787675400,4640.76,4645.45,4637.15,4644.07,7662.0,,
1787676300,4644.07,4646.54,4640.47,4643.47,6376.0,,
1787677200,4643.48,4643.75,4634.19,4637.88,7368.0,,
1787678100,4637.88,4645.09,4634.46,4637.1,8308.0,,
1787679000,4637.1,4644.66,4636.32,4642.93,6598.0,,
1787679900,4642.93,4648.44,4642.75,4648.41,5842.0,,
1787680800,4648.41,4650.42,4644.28,4647.17,5893.0,,
1787681700,4647.17,4650.57,4646.32,4649.98,4910.0,,
1787682600,4649.98,4650.42,4645.93,4649.24,4830.0,,
1787683500,4649.24,4655.02,4649.24,4654.54,5366.0,,
1787684400,4654.52,4663.16,4653.48,4662.25,6309.0,,
1787685300,4662.24,4668.27,4660.02,4661.01,6195.0,,
1787686200,4661.01,4664.6,4657.96,4662.18,6756.0,,
1787687100,4662.18,4667.6,4660.47,4667.02,10224.0,,
1787688000,4666.99,4669.07,4662.87,4665.86,5120.0,,
1787688900,4665.86,4667.76,4661.91,4662.44,3501.0,,
1787689800,4662.44,4664.17,4660.14,4661.41,2737.0,,
1787690700,4661.4,4662.13,4657.56,4658.58,2185.0,,
1787695200,4654.52,4664.94,4653.61,4664.72,2917.0,,
1787696100,4664.72,4667.06,4664.57,4666.82,1321.0,,
1787697000,4666.82,4670.84,4666.81,4670.07,1997.0,,
1787697900,4670.07,4673.74,4669.84,4672.68,1831.0,,
1787698800,4672.68,4673.5,4667.26,4668.13,2470.0,,
1787699700,4668.13,4668.2,4660.3,4661.06,2558.0,,
1787700600,4661.06,4661.42,4655.7,4656.13,2523.0,,
1787701500,4656.13,4658.8,4653.21,4654.83,4618.0,,
1787702400,4654.83,4657.99,4650.93,4651.35,7513.0,,
1787703300,4651.35,4655.11,4643.06,4646.69,5608.0,,
1787704200,4646.69,4650.05,4636.31,4637.04,6578.0,,
1787705100,4637.04,4639.01,4634.46,4637.48,6186.0,,
1787706000,4637.51,4647.81,4630.0,4644.15,12012.0,,
1787706900,4644.15,4650.41,4643.47,4643.56,8552.0,,
1787707800,4643.59,4647.13,4639.01,4644.77,10273.0,,
1787708700,4644.77,4660.92,4643.09,4657.09,9525.0,,
1787709600,4657.11,4661.79,4654.98,4660.23,8698.0,,
1787710500,4660.23,4661.74,4656.13,4659.01,4407.0,,
1787711400,4659.01,4670.72,4657.59,4667.39,7619.0,,
1787712300,4667.4,4669.16,4658.0,4658.5,5968.0,,
1787713200,4658.5,4658.84,4647.31,4648.3,6776.0,,
1787714100,4648.3,4650.77,4645.94,4650.24,5540.0,,
1787715000,4650.24,4651.41,4645.35,4645.35,3915.0,,
1787715900,4645.35,4645.5,4642.64,4642.75,3111.0,,
1787716800,4642.72,4644.37,4641.93,4642.61,2581.0,,
1787717700,4642.61,4643.36,4641.19,4642.24,2435.0,,
1787718600,4642.24,4643.29,4639.86,4640.87,2465.0,,
1787719500,4640.86,4641.86,4638.88,4640.65,2828.0,,
1787720400,4640.65,4645.9,4640.12,4643.42,3655.0,,
1787721300,4643.42,4645.42,4641.44,4643.44,3396.0,,
1787722200,4643.45,4649.52,4638.03,4638.06,7685.0,,
1787723100,4638.06,4640.69,4635.49,4639.64,7007.0,,
1787724000,4639.63,4641.47,4636.1,4637.52,6475.0,,
1787724900,4637.52,4637.84,4624.74,4626.81,7051.0,,
1787725800,4626.81,4634.22,4625.79,4633.32,6074.0,,
1787726700,4633.32,4636.81,4630.53,4634.28,5162.0,,
1787727600,4634.28,4639.33,4633.17,4636.47,5370.0,,
1787728500,4636.47,4637.78,4630.82,4631.38,4264.0,,
1787729400,4631.38,4636.47,4628.93,4631.71,4073.0,,
1787730300,4631.71,4634.87,4626.55,4629.0,4311.0,,
1787731200,4628.96,4630.36,4625.68,4625.68,6516.0,,
1787732100,4625.68,4629.72,4622.25,4629.72,5411.0,,
1787733000,4629.72,4630.74,4625.09,4629.47,5668.0,,
1787733900,4629.47,4629.96,4626.07,4628.3,3963.0,,
1787734800,4628.31,4630.98,4624.04,4625.01,5217.0,,
1787735700,4625.01,4625.22,4616.28,4616.87,5374.0,,
1787736600,4616.87,4622.43,4616.83,4622.1,3841.0,,
1787737500,4622.1,4625.66,4622.02,4623.28,3791.0,,
1787738400,4623.29,4623.98,4617.79,4618.99,3548.0,,
1787739300,4618.99,4620.45,4613.1,4615.14,4583.0,,
1787740200,4615.14,4624.17,4614.64,4622.39,3739.0,,
1787741100,4622.39,4624.02,4618.99,4620.29,3311.0,,
1787742000,4620.32,4621.86,4616.66,4618.52,3888.0,,
1787742900,4618.51,4623.02,4616.6,4620.7,4715.0,,
1787743800,4620.76,4622.87,4617.27,4619.11,4624.0,,
1787744700,4619.11,4625.26,4616.97,4624.78,4243.0,,
1787745600,4624.78,4629.77,4623.82,4625.55,6348.0,,
1787746500,4625.55,4631.38,4624.61,4630.55,6070.0,,
1787747400,4630.5,4633.79,4612.44,4622.56,18004.0,,
1787748300,4622.54,4626.39,4610.93,4614.43,11869.0,,
1787749200,4614.42,4621.48,4608.43,4611.14,14583.0,,
1787750100,4611.14,4614.27,4598.06,4611.32,13766.0,,
1787751000,4611.32,4623.09,4610.41,4619.73,22226.0,,
1787751900,4619.73,4631.97,4618.36,4631.63,19758.0,,
1787752800,4631.65,4633.49,4619.54,4620.34,16665.0,,
1787753700,4620.35,4626.86,4616.35,4616.73,12724.0,,
1787754600,4616.73,4622.89,4612.86,4622.06,11641.0,,
1787755500,4622.02,4622.88,4602.86,4602.97,13455.0,,
1787756400,4602.97,4605.41,4588.03,4588.99,16835.0,,
1787757300,4588.99,4598.2,4583.08,4594.85,14243.0,,
1787758200,4594.85,4604.87,4594.53,4604.87,9982.0,,
1787759100,4604.93,4609.33,4596.09,4596.16,10687.0,,
1787760000,4596.16,4601.49,4590.59,4600.28,12102.0,,
1787760900,4600.29,4600.93,4594.16,4595.01,10150.0,,
1787761800,4595.01,4596.37,4585.59,4588.22,10257.0,,
1787762700,4588.23,4596.9,4588.1,4591.63,9823.0,,
1787763600,4591.63,4596.2,4590.7,4594.79,8339.0,,
1787764500,4594.79,4598.86,4593.57,4597.78,8361.0,,
1787765400,4597.78,4602.25,4595.78,4597.18,7356.0,,
1787766300,4597.18,4599.27,4594.3,4597.83,5916.0,,
1787767200,4597.83,4604.68,4596.76,4600.22,6413.0,,
1787768100,4600.22,4600.57,4592.8,4594.74,7033.0,,
1787769000,4594.72,4597.49,4592.49,4596.79,5981.0,,
1787769900,4596.79,4597.76,4593.37,4593.8,5652.0,,
1787770800,4593.86,4595.7,4591.07,4594.46,6471.0,,
1787771700,4594.46,4598.98,4591.31,4598.48,5740.0,,
1787772600,4598.48,4601.62,4594.29,4595.68,5194.0,,
1787773500,4595.68,4596.53,4592.42,4594.3,7358.0,,
1787774400,4594.27,4596.77,4591.67,4591.79,3866.0,,
1787775300,4591.82,4592.09,4584.11,4591.39,5402.0,,
1787776200,4591.4,4593.51,4590.36,4591.85,2713.0,,
1787777100,4591.84,4594.47,4591.37,4594.47,2117.0,,
1787781600,4597.65,4606.88,4596.23,4602.64,3248.0,,
1787782500,4602.64,4613.52,4602.5,4610.89,4880.0,,
1787783400,4610.89,4611.66,4608.82,4610.87,3219.0,,
1787784300,4610.88,4612.11,4606.93,4609.32,2792.0,,
1787785200,4609.35,4615.76,4606.93,4615.6,3272.0,,
1787786100,4615.6,4622.38,4614.47,4620.16,2995.0,,
1787787000,4620.16,4624.86,4618.35,4622.8,3018.0,,
1787787900,4622.8,4625.02,4620.9,4623.72,4658.0,,
1787788800,4623.72,4627.1,4616.28,4618.03,6567.0,,
1787789700,4618.03,4621.59,4613.4,4619.17,6139.0,,
1787790600,4619.17,4619.17,4605.34,4606.27,6532.0,,
1787791500,4606.27,4611.12,4600.53,4605.1,7694.0,,
1787792400,4605.1,4625.12,4602.28,4624.81,14608.0,,
1787793300,4624.81,4625.14,4617.03,4618.65,7432.0,,
1787794200,4618.66,4631.48,4617.97,4623.95,8827.0,,
1787795100,4623.94,4640.93,4623.84,4640.14,7370.0,,
1787796000,4640.14,4643.07,4638.18,4640.63,6296.0,,
1787796900,4640.63,4640.71,4632.86,4633.2,4148.0,,
1787797800,4633.2,4633.85,4623.65,4627.32,7600.0,,
1787798700,4627.33,4631.38,4624.42,4629.65,5528.0,,
1787799600,4629.65,4635.2,4628.39,4634.31,5624.0,,
1787800500,4634.32,4638.66,4633.02,4635.44,5029.0,,
1787801400,4635.44,4635.62,4628.83,4629.35,3631.0,,
1787802300,4629.35,4629.67,4624.41,4625.49,3172.0,,
1787803200,4625.49,4627.28,4624.42,4625.44,3304.0,,
1787804100,4625.44,4627.0,4620.6,4620.6,3118.0,,
1787805000,4620.6,4620.9,4617.26,4619.2,3381.0,,
1787805900,4619.2,4620.66,4617.74,4618.79,3640.0,,
1787806800,4618.79,4621.39,4616.21,4619.97,3780.0,,
1787807700,4619.97,4621.55,4616.96,4617.24,3284.0,,
1787808600,4617.17,4619.86,4604.84,4605.35,10206.0,,
1787809500,4605.35,4609.73,4600.88,4607.02,7450.0,,
1787810400,4607.02,4607.52,4599.61,4606.0,7338.0,,
1787811300,4606.0,4610.46,4603.98,4610.39,5683.0,,
1787812200,4610.34,4611.9,4604.84,4607.58,5402.0,,
1787813100,4607.56,4609.71,4598.06,4600.31,6700.0,,
1787814000,4600.32,4605.86,4598.61,4603.88,7155.0,,
1787814900,4603.88,4603.88,4593.6,4599.34,5605.0,,
1787815800,4599.33,4601.38,4595.04,4597.89,4593.0,,
1787816700,4597.92,4602.51,4595.76,4600.22,4241.0,,
1787817600,4600.22,4606.91,4599.84,4603.29,4904.0,,
1787818500,4603.29,4606.2,4600.14,4600.88,4295.0,,
1787819400,4600.88,4601.82,4594.66,4596.01,4538.0,,
1787820300,4596.01,4602.29,4595.59,4598.98,4245.0,,
1787821200,4599.0,4600.68,4593.71,4596.06,5599.0,,
1787822100,4596.06,4599.33,4593.72,4597.74,4898.0,,
1787823000,4597.74,4599.22,4578.05,4582.41,7656.0,,
1787823900,4582.41,4585.94,4579.14,4580.32,5414.0,,
1787824800,4580.34,4581.98,4569.09,4581.68,7288.0,,
1787825700,4581.68,4583.64,4577.56,4580.42,4401.0,,
1787826600,4580.38,4586.16,4576.32,4585.79,4703.0,,
1787827500,4585.79,4590.59,4585.68,4590.19,4538.0,,
1787828400,4590.19,4592.6,4587.37,4592.55,4974.0,,
1787829300,4592.55,4596.87,4591.23,4594.56,4296.0,,
1787830200,4594.56,4599.78,4593.93,4597.69,5929.0,,
1787831100,4597.68,4600.39,4594.58,4598.42,4563.0,,
1787832000,4598.42,4601.15,4592.56,4592.74,5628.0,,
1787832900,4592.74,4600.65,4591.72,4595.78,6945.0,,
1787833800,4595.78,4596.92,4587.19,4587.59,6536.0,,
1787834700,4587.59,4588.09,4580.5,4585.85,6780.0,,
1787835600,4585.88,4590.8,4579.79,4585.33,12769.0,,
1787836500,4585.32,4593.3,4583.08,4590.27,9945.0,,
1787837400,4590.18,4593.05,4572.21,4578.75,23642.0,,
1787838300,4578.72,4582.94,4564.66,4572.44,20878.0,,
1787839200,4572.43,4579.26,4568.47,4573.78,19836.0,,
1787840100,4573.78,4584.23,4573.7,4581.32,16365.0,,
1787841000,4581.32,4597.52,4581.17,4595.34,12996.0,,
1787841900,4595.34,4598.24,4588.18,4591.31,14785.0,,
1787842800,4591.32,4595.4,4591.18,4592.54,11889.0,,
1787843700,4592.54,4598.0,4588.84,4592.98,10910.0,,
1787844600,4593.02,4605.72,4592.18,4601.21,13399.0,,
1787845500,4601.21,4611.29,4600.25,4610.49,11429.0,,
1787846400,4610.49,4613.02,4604.56,4604.59,10081.0,,
1787847300,4604.6,4608.51,4602.46,4607.67,8083.0,,
1787848200,4607.69,4612.91,4606.03,4611.59,7407.0,,
1787849100,4611.59,4616.71,4610.24,4614.94,8640.0,,
1787850000,4614.94,4616.5,4608.64,4610.26,8725.0,,
1787850900,4610.29,4612.03,4608.48,4610.33,8372.0,,
1787851800,4610.33,4614.35,4608.44,4611.16,7412.0,,
1787852700,4611.16,4611.75,4605.18,4606.48,10502.0,,
1787853600,4606.48,4608.05,4602.17,4605.59,10633.0,,
1787854500,4605.59,4607.98,4601.5,4601.71,7488.0,,
1787855400,4601.68,4605.1,4600.94,4604.52,5956.0,,
1787856300,4604.52,4611.18,4604.33,4610.42,5120.0,,
1787857200,4610.43,4618.08,4610.43,4615.64,7475.0,,
1787858100,4615.64,4616.21,4604.29,4605.86,6846.0,,
1787859000,4605.85,4610.14,4604.8,4609.88,6659.0,,
1787859900,4609.89,4612.72,4605.42,4609.4,9071.0,,
1787860800,4609.43,4609.68,4603.76,4604.92,3307.0,,
1787861700,4604.92,4605.47,4602.78,4603.7,1826.0,,
1787862600,4603.7,4604.31,4602.01,4603.68,1429.0,,
1787863500,4603.68,4604.66,4599.92,4601.58,2279.0,,
1787868000,4603.46,4608.22,4601.21,4604.9,3220.0,,
1787868900,4604.9,4608.39,4604.47,4607.77,1783.0,,
1787869800,4607.76,4610.14,4606.84,4607.86,1653.0,,
1787870700,4607.86,4610.88,4606.74,4610.79,1288.0,,
1787871600,4610.74,4611.5,4602.94,4603.02,1741.0,,
1787872500,4603.02,4603.75,4600.14,4601.03,1722.0,,
1787873400,4601.03,4602.27,4598.6,4599.8,1991.0,,
1787874300,4599.8,4599.81,4594.4,4594.61,3102.0,,
1787875200,4594.61,4602.59,4593.27,4600.69,6705.0,,
1787876100,4600.69,4600.82,4590.58,4594.02,5241.0,,
1787877000,4594.01,4594.29,4587.94,4591.07,4612.0,,
1787877900,4591.03,4591.16,4585.74,4588.81,4608.0,,
1787878800,4588.85,4602.31,4586.48,4593.94,10770.0,,
1787879700,4593.91,4598.06,4583.93,4585.75,10903.0,,
1787880600,4585.76,4589.07,4578.43,4582.19,10604.0,,
1787881500,4582.19,4583.25,4575.42,4575.93,7396.0,,
1787882400,4575.93,4582.7,4575.15,4581.45,6487.0,,
1787883300,4581.45,4584.89,4578.77,4583.45,3482.0,,
1787884200,4583.45,4589.74,4583.24,4585.11,5903.0,,
1787885100,4585.11,4587.3,4582.31,4586.39,5370.0,,
1787886000,4586.39,4588.4,4582.8,4584.17,5581.0,,
1787886900,4584.17,4590.1,4584.17,4588.0,5621.0,,
1787887800,4588.01,4588.35,4581.09,4581.97,3428.0,,
1787888700,4581.97,4582.15,4578.69,4579.99,2746.0,,
1787889600,4579.98,4580.49,4578.03,4579.43,2819.0,,
1787890500,4579.43,4585.45,4578.79,4584.81,2983.0,,
1787891400,4584.77,4584.78,4578.2,4579.97,2746.0,,
1787892300,4579.97,4585.31,4578.35,4584.42,2466.0,,
1787893200,4584.45,4585.44,4578.4,4579.98,3609.0,,
1787894100,4579.98,4586.28,4579.13,4584.21,3512.0,,
1787895000,4584.17,4584.22,4571.78,4572.77,9322.0,,
1787895900,4572.77,4577.45,4571.72,4573.29,5961.0,,
1787896800,4573.29,4583.58,4572.43,4581.9,7930.0,,
1787897700,4581.9,4585.66,4580.77,4585.05,6372.0,,
1787898600,4585.04,4588.5,4582.92,4588.33,6423.0,,
1787899500,4588.33,4613.3,4588.25,4612.69,11143.0,,
1787900400,4612.68,4613.48,4596.65,4600.8,8271.0,,
1787901300,4600.8,4610.13,4599.38,4607.57,6431.0,,
1787902200,4607.57,4614.39,4607.23,4609.34,5363.0,,
1787903100,4609.34,4613.49,4607.6,4611.93,4440.0,,
1787904000,4611.93,4614.67,4610.03,4611.79,5297.0,,
1787904900,4611.79,4612.45,4608.17,4609.24,4181.0,,
1787905800,4609.23,4611.5,4603.38,4603.68,4938.0,,
1787906700,4603.68,4606.23,4601.11,4602.78,4376.0,,
1787907600,4602.77,4604.34,4600.79,4601.65,4242.0,,
1787908500,4601.65,4604.1,4600.36,4601.87,4542.0,,
1787909400,4601.85,4605.1,4601.04,4604.1,5133.0,,
1787910300,4604.1,4607.52,4603.15,4605.19,3634.0,,
1787911200,4605.19,4608.98,4603.49,4608.61,3767.0,,
1787912100,4608.62,4609.84,4601.92,4605.31,3565.0,,
1787913000,4605.31,4607.89,4601.97,4602.86,3268.0,,
1787913900,4602.86,4603.26,4597.6,4600.2,3648.0,,
1787914800,4600.2,4601.34,4595.04,4598.87,5840.0,,
1787915700,4598.87,4601.22,4597.66,4598.93,4899.0,,
1787916600,4598.94,4600.86,4591.37,4594.69,5309.0,,
1787917500,4594.72,4596.07,4591.57,4593.35,4787.0,,
1787918400,4593.34,4597.05,4590.92,4594.43,6077.0,,
1787919300,4594.46,4603.79,4592.45,4601.44,6228.0,,
1787920200,4601.44,4602.21,4589.07,4591.92,9011.0,,
1787921100,4591.92,4602.7,4590.33,4601.66,7438.0,,
1787922000,4601.67,4605.4,4596.2,4598.98,11209.0,,
1787922900,4598.98,4604.54,4593.78,4604.02,9829.0,,
1787923800,4604.01,4607.95,4598.96,4604.93,16686.0,,
1787924700,4604.93,4627.49,4603.96,4604.1,15174.0,,
1787925600,4602.33,4631.83,4543.63,4546.36,56104.0,,
1787926500,4546.37,4568.48,4530.03,4552.04,44611.0,,
1787927400,4552.04,4577.08,4551.78,4561.2,37963.0,,
1787928300,4561.12,4580.75,4550.53,4576.68,30889.0,,
1787929200,4576.68,4582.68,4556.93,4559.18,28472.0,,
1787930100,4559.19,4569.35,4551.57,4566.77,26272.0,,
1787931000,4566.76,4567.53,4534.32,4539.39,25979.0,,
1787931900,4539.4,4545.99,4524.11,4524.59,31035.0,,
1787932800,4524.59,4529.52,4497.38,4498.07,32678.0,,
1787933700,4498.06,4503.64,4464.24,4480.99,35766.0,,
1787934600,4481.01,4487.55,4466.14,4469.18,32439.0,,
1787935500,4469.14,4485.14,4469.14,4479.49,21603.0,,
1787936400,4479.48,4482.98,4471.2,4480.71,22695.0,,
1787937300,4480.7,4486.8,4475.11,4478.08,19433.0,,
1787938200,4478.13,4481.8,4460.51,4467.33,17633.0,,
1787939100,4467.32,4475.93,4466.62,4469.37,14003.0,,
1787940000,4469.37,4471.69,4459.64,4461.3,17696.0,,
1787940900,4461.36,4463.51,4452.55,4456.11,19466.0,,
1787941800,4456.11,4458.73,4445.52,4451.26,16222.0,,
1787942700,4451.26,4458.35,4448.46,4456.9,14836.0,,
1787943600,4456.86,4462.7,4453.04,4457.08,15149.0,,
1787944500,4457.08,4463.63,4455.25,4462.14,9968.0,,
1787945400,4462.14,4467.05,4461.0,4465.06,8788.0,,
1787946300,4465.09,4465.09,4452.94,4458.55,13716.0,,
1787947200,4458.55,4462.83,4455.36,4457.87,5772.0,,
1787948100,4457.87,4460.61,4453.8,4458.14,2628.0,,
1787949000,4458.17,4458.34,4453.71,4457.05,2073.0,,
1787949900,4457.05,4459.93,4453.14,4454.28,2226.0,,
1788127200,4433.07,4459.72,4430.41,4459.15,6622.0,,
1788128100,4459.15,4466.04,4456.07,4459.63,4904.0,,
1788129000,4459.63,4462.51,4452.85,4457.88,3699.0,,
1788129900,4457.88,4462.47,4456.85,4461.47,2237.0,,
1788130800,4461.46,4466.86,4459.7,4460.65,3742.0,,
1788131700,4460.66,4465.22,4455.27,4457.64,4083.0,,
1788132600,4457.64,4457.95,4446.71,4447.63,5310.0,,
1788133500,4447.62,4460.57,4435.92,4458.53,9514.0,,
1788134400,4458.53,4463.47,4453.46,4462.06,11213.0,,
1788135300,4462.06,4465.25,4452.22,4456.92,7794.0,,
1788136200,4456.92,4472.11,4456.83,4465.35,6813.0,,
1788137100,4465.35,4469.05,4456.17,4456.37,6820.0,,
1788138000,4456.37,4463.29,4436.07,4443.76,22395.0,,
1788138900,4443.77,4454.33,4442.16,4444.01,15340.0,,
1788139800,4444.0,4453.88,4436.61,4450.87,14858.0,,
1788140700,4450.87,4452.68,4436.29,4440.25,13436.0,,
1788141600,4440.25,4441.49,4418.02,4424.4,14978.0,,
1788142500,4424.4,4428.12,4418.8,4423.08,10810.0,,
1788143400,4423.07,4426.45,4402.12,4403.11,14524.0,,
1788144300,4403.11,4423.01,4396.52,4423.0,10825.0,,
1788145200,4423.01,4428.31,4421.82,4428.3,7476.0,,
1788146100,4428.3,4434.02,4426.44,4427.83,6686.0,,
1788147000,4427.83,4427.83,4419.99,4423.01,4771.0,,
1788147900,4423.0,4426.98,4421.6,4422.57,3754.0,,
1788148800,4422.57,4422.88,4417.04,4421.37,4003.0,,
1788149700,4421.37,4421.63,4415.95,4416.01,4028.0,,
1788150600,4416.01,4422.0,4413.07,4420.27,4339.0,,
1788151500,4420.27,4425.04,4418.78,4424.63,4638.0,,
1788152400,4424.63,4427.09,4419.3,4422.82,5429.0,,
1788153300,4422.79,4440.74,4422.19,4440.36,6077.0,,
1788154200,4440.35,4442.25,4430.73,4437.62,10113.0,,
1788155100,4437.62,4443.79,4434.31,4443.0,7453.0,,
1788156000,4442.99,4443.22,4429.26,4432.26,7740.0,,
1788156900,4432.26,4439.11,4431.49,4435.96,7473.0,,
1788157800,4435.96,4441.22,4431.36,4439.55,5822.0,,
1788158700,4439.55,4442.66,4436.68,4439.36,6730.0,,
1788159600,4439.36,4441.77,4435.65,4436.13,5823.0,,
1788160500,4436.13,4448.25,4435.17,4444.01,5982.0,,
1788161400,4444.01,4447.16,4441.32,4446.59,6075.0,,
1788162300,4446.59,4447.83,4440.86,4443.32,4756.0,,
1788163200,4443.29,4449.55,4437.08,4438.85,6915.0,,
1788164100,4438.85,4441.43,4436.21,4440.23,6424.0,,
1788165000,4440.23,4440.33,4434.49,4435.48,5549.0,,
1788165900,4435.48,4436.98,4433.87,4435.61,4384.0,,
1788166800,4435.61,4442.98,4435.61,4442.92,5002.0,,
1788167700,4442.91,4444.24,4438.0,4439.2,4158.0,,
1788168600,4439.21,4444.8,4439.09,4443.09,3974.0,,
1788169500,4443.1,4445.53,4441.01,4445.42,3855.0,,
1788170400,4445.42,4453.8,4444.9,4451.65,6147.0,,
1788171300,4451.66,4452.15,4446.49,4448.5,5138.0,,
1788172200,4448.5,4451.71,4447.64,4451.02,4754.0,,
1788173100,4451.02,4455.65,4449.43,4453.88,4450.0,,
1788174000,4453.88,4457.66,4453.2,4453.83,4005.0,,
1788174900,4453.83,4464.09,4452.75,4463.35,4119.0,,
1788175800,4463.35,4464.01,4453.65,4454.83,5985.0,,
1788176700,4454.84,4456.34,4452.57,4455.51,4979.0,,
1788177600,4455.51,4460.96,4450.66,4457.23,7522.0,,
1788178500,4457.23,4458.79,4447.32,4447.71,9577.0,,
1788179400,4447.71,4449.93,4439.11,4440.54,10080.0,,
1788180300,4440.54,4441.65,4435.44,4435.78,7562.0,,
1788181200,4435.78,4446.69,4433.92,4446.12,13569.0,,
1788182100,4446.12,4448.39,4439.32,4446.01,11449.0,,
1788183000,4446.03,4447.37,4432.02,4433.71,20387.0,,
1788183900,4433.71,4433.71,4415.68,4418.47,18011.0,,
1788184800,4418.48,4427.9,4416.23,4427.44,19399.0,,
1788185700,4427.44,4431.12,4416.45,4420.24,17287.0,,
1788186600,4420.23,4436.74,4419.28,4432.98,15953.0,,
1788187500,4432.98,4436.25,4426.08,4431.71,15381.0,,
1788188400,4431.71,4437.67,4428.26,4435.39,13762.0,,
1788189300,4435.39,4437.93,4429.16,4433.01,12647.0,,
1788190200,4433.0,4434.29,4426.37,4427.49,13318.0,,
1788191100,4427.49,4433.6,4424.66,4426.26,11796.0,,
1788192000,4426.38,4437.25,4423.77,4434.82,13697.0,,
1788192900,4434.82,4438.73,4433.36,4438.46,9016.0,,
1788193800,4438.46,4440.26,4431.38,4435.78,11080.0,,
1788194700,4435.78,4437.56,4432.26,4433.25,9045.0,,
1788195600,4433.29,4435.23,4430.81,4433.59,9433.0,,
1788196500,4433.56,4437.02,4428.73,4430.51,10275.0,,
1788197400,4430.4,4436.88,4429.91,4436.61,8938.0,,
1788198300,4436.61,4440.11,4435.68,4436.58,7756.0,,
1788199200,4436.6,4436.81,4430.5,4433.73,7635.0,,
1788200100,4433.73,4434.54,4429.59,4429.73,6513.0,,
1788201000,4429.69,4430.37,4426.21,4429.22,7973.0,,
1788201900,4429.22,4434.64,4429.16,4430.88,6100.0,,
1788202800,4430.88,4435.49,4429.19,4433.8,6762.0,,
1788203700,4433.8,4442.45,4432.93,4440.57,6199.0,,
1788204600,4440.53,4445.32,4439.07,4443.02,8188.0,,
1788205500,4443.02,4453.81,4441.55,4453.39,13418.0,,
1788206400,4453.38,4455.87,4449.91,4450.2,5545.0,,
1788207300,4450.2,4450.47,4446.97,4447.35,2553.0,,
1788208200,4447.35,4449.32,4446.82,4448.1,1814.0,,
1788209100,4448.1,4449.05,4446.49,4448.98,1752.0,,
1788213600,4448.22,4455.81,4447.35,4451.81,3138.0,,
1788214500,4451.81,4452.21,4447.93,4449.91,1774.0,,
1788215400,4449.91,4451.25,4447.34,4447.97,1530.0,,
1788216300,4447.99,4448.33,4445.62,4447.02,1609.0,,
1788217200,4447.09,4447.19,4443.92,4444.18,2055.0,,
1788218100,4444.18,4444.39,4441.77,4443.38,1743.0,,
1788219000,4443.38,4447.96,4443.21,4445.82,2047.0,,
1788219900,4445.81,4452.53,4445.69,4452.38,3845.0,,
1788220800,4452.38,4458.09,4446.44,4455.25,9183.0,,
1788221700,4455.25,4461.5,4452.67,4460.32,6155.0,,
1788222600,4460.32,4461.15,4452.07,4453.28,4776.0,,
1788223500,4453.28,4461.46,4451.11,4453.69,6712.0,,
1788224400,4453.71,4456.91,4445.5,4446.46,13024.0,,
1788225300,4446.46,4447.83,4437.97,4439.83,8706.0,,
1788226200,4439.83,4445.8,4436.47,4445.7,8709.0,,
1788227100,4445.7,4446.68,4439.46,4444.38,7452.0,,
1788228000,4444.37,4449.21,4441.94,4445.03,7595.0,,
1788228900,4445.03,4448.34,4440.46,4440.61,4357.0,,
1788229800,4440.63,4441.04,4431.72,4431.97,9045.0,,
1788230700,4431.97,4443.23,4427.89,4443.1,6849.0,,
1788231600,4443.11,4444.07,4438.5,4439.9,5420.0,,
1788232500,4439.89,4440.43,4431.88,4434.08,4602.0,,
1788233400,4434.08,4438.82,4433.34,4438.57,3783.0,,
1788234300,4438.57,4443.26,4436.7,4436.72,2930.0,,
1788235200,4436.72,4437.71,4430.19,4431.15,3962.0,,
1788236100,4431.15,4433.69,4429.67,4429.73,3080.0,,
1788237000,4429.73,4430.56,4426.61,4427.8,3377.0,,
1788237900,4427.8,4429.65,4425.39,4426.69,4033.0,,
1788238800,4426.7,4432.7,4426.21,4429.37,3692.0,,
1788239700,4429.37,4430.63,4425.32,4426.8,4564.0,,
1788240600,4426.8,4443.64,4423.9,4442.8,10237.0,,
1788241500,4442.79,4446.05,4440.06,4440.16,6768.0,,
1788242400,4440.16,4440.62,4431.85,4432.97,6780.0,,
1788243300,4432.96,4435.07,4427.79,4429.05,5540.0,,
1788244200,4429.05,4435.24,4428.51,4434.88,5052.0,,
1788245100,4434.89,4435.33,4428.24,4429.62,4664.0,,
1788246000,4429.62,4434.96,4429.48,4433.1,7426.0,,
1788246900,4433.09,4433.62,4425.88,4426.13,7101.0,,
1788247800,4426.13,4428.3,4412.13,4418.16,10024.0,,
1788248700,4418.2,4423.29,4417.01,4420.24,8179.0,,
1788249600,4420.24,4420.24,4389.64,4405.55,18022.0,,
1788250500,4405.55,4405.81,4381.86,4383.1,14734.0,,
1788251400,4383.1,4383.81,4370.08,4375.67,16413.0,,
1788252300,4375.67,4378.52,4369.19,4370.86,12195.0,,
1788253200,4370.85,4376.15,4366.51,4376.05,12824.0,,
1788254100,4376.05,4378.1,4370.71,4373.01,9084.0,,
1788255000,4373.0,4373.05,4365.63,4371.73,8936.0,,
1788255900,4371.73,4373.66,4364.72,4364.82,7012.0,,
1788256800,4364.82,4381.9,4364.32,4378.34,7598.0,,
1788257700,4378.34,4385.57,4378.31,4384.97,6606.0,,
1788258600,4384.97,4386.03,4381.62,4381.62,5483.0,,
1788259500,4381.62,4381.74,4375.18,4378.23,7476.0,,
1788260400,4378.24,4383.13,4376.0,4377.27,7362.0,,
1788261300,4377.26,4381.97,4374.94,4380.56,6802.0,,
1788262200,4380.56,4384.88,4378.34,4384.18,5948.0,,
1788263100,4384.18,4387.19,4371.98,4374.5,7066.0,,
1788264000,4374.49,4374.6,4366.94,4370.99,9822.0,,
1788264900,4370.99,4376.18,4366.05,4368.63,11907.0,,
1788265800,4368.62,4368.93,4352.07,4364.88,16384.0,,
1788266700,4364.89,4369.97,4356.23,4356.31,12625.0,,
1788267600,4356.3,4357.74,4326.2,4329.55,25354.0,,
1788268500,4329.6,4344.59,4326.49,4343.19,16369.0,,
1788269400,4343.16,4362.34,4341.22,4361.89,25674.0,,
1788270300,4361.9,4367.28,4354.26,4365.24,20953.0,,
1788271200,4365.37,4371.03,4353.33,4370.31,23530.0,,
1788272100,4370.33,4375.66,4365.79,4365.85,17429.0,,
1788273000,4365.85,4373.25,4364.29,4367.05,16661.0,,
1788273900,4367.04,4370.39,4356.82,4360.44,14414.0,,
1788274800,4360.45,4363.02,4355.29,4357.29,13273.0,,
1788275700,4357.28,4366.0,4356.33,4365.81,12408.0,,
1788276600,4365.78,4370.92,4361.66,4370.81,11439.0,,
1788277500,4370.79,4373.89,4368.69,4373.01,8878.0,,
1788278400,4373.12,4374.88,4362.42,4362.42,11064.0,,
1788279300,4362.42,4365.58,4352.6,4352.83,16714.0,,
1788280200,4352.8,4357.78,4347.08,4354.93,16421.0,,
1788281100,4354.91,4359.1,4351.18,4351.38,11126.0,,
1788282000,4351.42,4352.02,4344.39,4346.47,12158.0,,
1788282900,4346.47,4350.16,4342.61,4350.03,12710.0,,
1788283800,4349.95,4352.0,4342.85,4344.07,12881.0,,
1788284700,4344.06,4344.58,4341.09,4343.0,7823.0,,
1788285600,4343.01,4344.56,4334.53,4336.49,9172.0,,
1788286500,4336.49,4341.73,4335.69,4337.54,8834.0,,
1788287400,4337.55,4337.67,4328.44,4329.64,10162.0,,
1788288300,4329.64,4334.38,4328.34,4331.77,9624.0,,
1788289200,4331.78,4337.42,4329.17,4337.42,10077.0,,
1788290100,4337.36,4337.72,4333.42,4334.52,7698.0,,
1788291000,4334.52,4334.79,4322.81,4326.49,9774.0,,
1788291900,4326.47,4330.48,4323.58,4327.07,10264.0,,
1788292800,4327.11,4330.81,4323.75,4325.72,4904.0,,
1788293700,4325.75,4329.03,4325.0,4326.09,2816.0,,
1788294600,4326.09,4330.56,4325.31,4327.55,2384.0,,
1788295500,4327.55,4329.74,4326.71,4328.11,1875.0,,
1788300000,4330.95,4334.7,4328.53,4329.29,2496.0,,
1788300900,4329.29,4329.5,4327.28,4327.92,2452.0,,
1788301800,4327.92,4329.63,4326.33,4328.23,2044.0,,
1788302700,4328.23,4331.08,4327.51,4329.45,1733.0,,
1788303600,4329.42,4332.41,4327.17,4330.62,2331.0,,
1788304500,4330.62,4331.63,4325.82,4330.88,2279.0,,
1788305400,4330.88,4335.75,4330.84,4333.93,2607.0,,
1788306300,4333.93,4333.98,4323.13,4324.51,4497.0,,
1788307200,4324.54,4330.51,4315.99,4328.22,11792.0,,
1788308100,4328.23,4334.57,4322.64,4325.87,11064.0,,
1788309000,4325.87,4331.69,4320.27,4330.14,9007.0,,
1788309900,4330.15,4331.37,4314.6,4315.88,8559.0,,
1788310800,4315.82,4322.76,4305.03,4317.63,21613.0,,
1788311700,4317.63,4326.66,4315.41,4317.38,12616.0,,
1788312600,4317.37,4318.52,4305.16,4309.19,13565.0,,
1788313500,4309.19,4309.92,4288.69,4291.08,12558.0,,
1788314400,4291.05,4302.02,4287.38,4296.23,10764.0,,
1788315300,4296.23,4306.56,4296.18,4304.43,6543.0,,
1788316200,4304.43,4314.87,4299.59,4309.27,10083.0,,
1788317100,4309.26,4311.22,4300.22,4302.83,6893.0,,
1788318000,4302.83,4304.26,4296.91,4300.8,7007.0,,
1788318900,4300.77,4302.46,4289.47,4293.71,8171.0,,
1788319800,4293.71,4293.86,4282.59,4288.6,7356.0,,
1788320700,4288.6,4303.78,4288.59,4303.3,5137.0,,
1788321600,4303.29,4306.79,4302.17,4304.35,4581.0,,
1788322500,4304.33,4305.59,4301.3,4302.84,4763.0,,
1788323400,4302.84,4307.8,4302.62,4304.73,3694.0,,
1788324300,4304.73,4307.67,4303.88,4307.26,2974.0,,
1788325200,4307.26,4310.07,4303.68,4310.04,4389.0,,
1788326100,4310.04,4313.96,4306.76,4313.19,5477.0,,
1788327000,4313.19,4325.04,4313.15,4323.15,10893.0,,
1788327900,4323.15,4326.43,4319.32,4319.98,6406.0,,
1788328800,4319.98,4329.23,4317.52,4326.64,9298.0,,
1788329700,4326.64,4328.6,4320.83,4322.73,8476.0,,
1788330600,4322.73,4326.45,4316.87,4324.33,9928.0,,
1788331500,4324.33,4325.0,4314.72,4321.73,8097.0,,
1788332400,4321.72,4331.09,4319.18,4326.81,9941.0,,
1788333300,4326.81,4329.29,4324.91,4326.86,7994.0,,
1788334200,4326.85,4331.35,4321.91,4322.71,6703.0,,
1788335100,4322.71,4325.09,4320.54,4323.29,6534.0,,
1788336000,4323.3,4331.7,4322.16,4325.59,8345.0,,
1788336900,4325.59,4327.81,4322.72,4323.16,7352.0,,
1788337800,4323.18,4326.75,4319.55,4322.03,7217.0,,
1788338700,4322.04,4322.6,4312.58,4312.99,8369.0,,
1788339600,4312.97,4322.45,4312.38,4313.93,8720.0,,
1788340500,4313.93,4315.35,4305.04,4309.08,7945.0,,
1788341400,4309.09,4311.86,4307.36,4310.14,7350.0,,
1788342300,4310.14,4311.49,4307.99,4308.6,5975.0,,
1788343200,4308.6,4309.77,4301.88,4306.8,7142.0,,
1788344100,4306.78,4312.31,4306.08,4309.94,5958.0,,
1788345000,4309.94,4310.74,4307.21,4309.48,5656.0,,
1788345900,4309.48,4310.46,4305.28,4309.35,5988.0,,
1788346800,4309.35,4324.57,4307.68,4322.76,10861.0,,
1788347700,4322.77,4323.28,4315.74,4321.91,9818.0,,
1788348600,4321.91,4332.95,4321.75,4324.7,8609.0,,
1788349500,4324.7,4332.89,4323.44,4332.4,7122.0,,
1788350400,4332.42,4336.36,4329.06,4333.35,11061.0,,
1788351300,4333.35,4344.38,4329.99,4336.31,15074.0,,
1788352200,4336.31,4337.72,4327.45,4334.38,11024.0,,
1788353100,4334.38,4339.34,4330.55,4331.47,11734.0,,
1788354000,4331.5,4344.55,4330.86,4339.53,13542.0,,
1788354900,4339.52,4358.62,4336.66,4358.5,15584.0,,
1788355800,4358.49,4379.58,4357.05,4378.18,27277.0,,
1788356700,4378.18,4385.65,4367.87,4385.39,20333.0,,
1788357600,4385.38,4397.67,4378.98,4387.93,26975.0,,
1788358500,4387.92,4397.27,4385.04,4387.64,20848.0,,
1788359400,4387.64,4388.26,4381.38,4385.57,16607.0,,
1788360300,4385.56,4386.49,4374.35,4376.97,14160.0,,
1788361200,4377.0,4380.88,4372.64,4372.85,16692.0,,
1788362100,4372.81,4373.03,4365.63,4372.66,13960.0,,
1788363000,4372.68,4375.28,4366.08,4366.31,13254.0,,
1788363900,4366.31,4373.95,4364.64,4373.12,10991.0,,
1788364800,4373.1,4374.86,4368.87,4372.43,10848.0,,
1788365700,4372.42,4372.47,4367.72,4368.7,8422.0,,
1788366600,4368.68,4370.53,4364.53,4364.94,9058.0,,
1788367500,4364.96,4370.67,4364.56,4368.3,8442.0,,
1788368400,4368.3,4371.11,4367.55,4368.91,7958.0,,
1788369300,4368.91,4369.89,4364.6,4369.86,7510.0,,
1788370200,4369.88,4377.68,4366.54,4376.55,8738.0,,
1788371100,4376.55,4380.74,4375.42,4376.99,9440.0,,
1788372000,4376.99,4377.61,4370.21,4370.27,8303.0,,
1788372900,4370.23,4379.76,4369.29,4373.19,11133.0,,
1788373800,4373.15,4378.2,4372.54,4373.05,7059.0,,
1788374700,4373.05,4375.85,4372.61,4374.15,6185.0,,
1788375600,4374.14,4380.4,4371.79,4379.24,6883.0,,
1788376500,4379.24,4383.16,4378.28,4381.17,6654.0,,
1788377400,4381.17,4388.71,4381.17,4388.12,7478.0,,
1788378300,4388.12,4391.37,4384.98,4391.24,9483.0,,
1788379200,4391.2,4391.53,4385.96,4386.01,4924.0,,
1788380100,4386.01,4387.78,4384.06,4386.4,4286.0,,
1788381000,4386.4,4389.68,4385.77,4387.76,2531.0,,
1788381900,4387.82,4390.58,4387.15,4387.95,1536.0,,
1788386400,4390.15,4393.33,4390.0,4390.06,1769.0,,
1788387300,4390.06,4390.9,4387.97,4389.89,2157.0,,
1788388200,4389.88,4389.89,4384.99,4385.21,1854.0,,
1788389100,4385.2,4385.37,4383.55,4384.72,1446.0,,
1788390000,4384.92,4386.82,4383.95,4384.1,1887.0,,
1788390900,4384.1,4384.22,4382.0,4382.31,1355.0,,
1788391800,4382.31,4385.48,4381.13,4385.29,1941.0,,
1788392700,4385.29,4388.91,4384.6,4385.69,3664.0,,
1788393600,4385.69,4392.56,4384.57,4390.32,5266.0,,
1788394500,4390.32,4390.41,4385.32,4387.24,4799.0,,
1788395400,4387.24,4389.86,4382.58,4387.76,4282.0,,
1788396300,4387.76,4397.94,4385.78,4395.45,5435.0,,
1788397200,4395.47,4409.41,4387.29,4401.42,14986.0,,
1788398100,4401.39,4403.73,4394.01,4401.74,9733.0,,
1788399000,4401.7,4409.41,4400.46,4400.83,9313.0,,
1788399900,4400.83,4412.4,4400.27,4410.36,7347.0,,
1788400800,4410.36,4415.52,4409.17,4411.11,8927.0,,
1788401700,4411.11,4413.4,4406.85,4411.65,5658.0,,
1788402600,4411.62,4418.11,4409.49,4413.69,9103.0,,
1788403500,4413.69,4420.56,4411.6,4420.4,7517.0,,
1788404400,4420.4,4430.11,4419.49,4428.84,6766.0,,
1788405300,4428.85,4431.31,4424.71,4429.44,6696.0,,
1788406200,4429.44,4432.23,4426.73,4426.73,4442.0,,
1788407100,4426.72,4432.6,4425.46,4431.53,3876.0,,
1788408000,4431.53,4435.85,4425.55,4431.26,5466.0,,
1788408900,4431.26,4436.9,4430.11,4436.64,3061.0,,
1788409800,4436.64,4438.39,4435.57,4438.12,3155.0,,
1788410700,4438.12,4438.44,4434.09,4437.44,2737.0,,
1788411600,4437.44,4440.26,4429.05,4429.69,4626.0,,
1788412500,4429.69,4430.92,4422.79,4425.19,8037.0,,
1788413400,4425.18,4432.85,4422.47,4432.33,12698.0,,
1788414300,4432.33,4439.25,4428.52,4431.11,8351.0,,
1788415200,4431.11,4436.24,4425.86,4427.01,11031.0,,
1788416100,4427.01,4430.68,4417.55,4421.66,8520.0,,
1788417000,4421.61,4426.1,4420.43,4425.6,7750.0,,
1788417900,4425.6,4428.8,4420.57,4420.57,5884.0,,
1788418800,4420.57,4431.6,4419.15,4422.07,10505.0,,
1788419700,4422.07,4430.23,4421.69,4426.43,7251.0,,
1788420600,4426.43,4430.79,4423.68,4426.76,8117.0,,
1788421500,4426.73,4431.05,4424.29,4428.87,6860.0,,
1788422400,4428.87,4443.79,4428.1,4431.55,17041.0,,
1788423300,4431.55,4439.59,4430.85,4438.42,8867.0,,
1788424200,4438.42,4439.73,4431.51,4434.31,6181.0,,
1788425100,4434.46,4440.0,4434.07,4434.95,5765.0,,
1788426000,4434.96,4442.05,4434.2,4438.08,6709.0,,
1788426900,4438.09,4438.4,4432.1,4435.32,5783.0,,
1788427800,4435.32,4438.11,4429.38,4430.03,7512.0,,
1788428700,4430.03,4430.59,4425.7,4427.57,5576.0,,
1788429600,4427.58,4429.93,4423.06,4424.55,6250.0,,
1788430500,4424.56,4425.75,4418.19,4422.61,5862.0,,
1788431400,4422.61,4426.39,4420.06,4425.78,5850.0,,
1788432300,4425.79,4428.58,4424.21,4427.31,4694.0,,
1788433200,4427.3,4432.83,4425.09,4432.73,7567.0,,
1788434100,4432.72,4437.95,4430.29,4434.41,7613.0,,
1788435000,4434.42,4439.35,4425.52,4438.82,5828.0,,
1788435900,4438.82,4445.75,4436.55,4444.24,6425.0,,
1788436800,4444.2,4450.22,4441.2,4444.0,8058.0,,
1788437700,4443.98,4449.22,4437.92,4446.61,9226.0,,
1788438600,4446.6,4478.8,4446.6,4467.91,24339.0,,
1788439500,4467.9,4495.33,4465.63,4493.63,16531.0,,
1788440400,4493.68,4496.01,4484.85,4485.82,19936.0,,
1788441300,4485.83,4487.91,4477.0,4480.12,13350.0,,
1788442200,4480.18,4482.4,4468.18,4470.11,22457.0,,
1788443100,4470.09,4471.17,4456.81,4470.79,19960.0,,
1788444000,4470.8,4472.99,4458.01,4469.28,23773.0,,
1788444900,4469.28,4480.86,4469.27,4477.53,21035.0,,
1788445800,4477.44,4479.78,4465.98,4472.97,16909.0,,
1788446700,4472.95,4485.48,4470.87,4485.45,16088.0,,
1788447600,4485.44,4504.39,4484.26,4503.77,21603.0,,
1788448500,4503.77,4510.88,4501.72,4506.64,16191.0,,
1788449400,4506.62,4509.77,4494.86,4495.08,13572.0,,
1788450300,4495.07,4495.65,4486.22,4493.27,12228.0,,
1788451200,4493.25,4495.49,4487.73,4494.04,10489.0,,
1788452100,4494.01,4494.84,4490.63,4493.36,8516.0,,
1788453000,4493.39,4495.64,4486.84,4487.99,8252.0,,
1788453900,4487.95,4491.13,4485.59,4486.33,7079.0,,
1788454800,4486.35,4488.88,4483.24,4488.01,7304.0,,
1788455700,4488.02,4493.88,4485.17,4492.99,7467.0,,
1788456600,4492.99,4494.17,4490.97,4492.0,6243.0,,
1788457500,4492.0,4494.73,4486.46,4486.68,5699.0,,
1788458400,4486.67,4489.81,4484.05,4484.06,7081.0,,
1788459300,4484.06,4488.12,4479.73,4479.81,7073.0,,
1788460200,4479.82,4482.84,4475.96,4481.6,6410.0,,
1788461100,4481.6,4482.78,4474.14,4475.24,6945.0,,
1788462000,4475.1,4476.98,4472.99,4474.53,6830.0,,
1788462900,4474.51,4476.73,4472.62,4475.89,5865.0,,
1788463800,4475.89,4478.85,4474.12,4477.66,5593.0,,
1788464700,4477.68,4480.86,4473.01,4475.24,7963.0,,
1788465600,4475.23,4475.69,4471.43,4471.89,3672.0,,
1788466500,4471.88,4472.57,4470.5,4471.76,2817.0,,
1788467400,4471.73,4472.71,4470.84,4472.3,2012.0,,
1788468300,4472.26,4473.92,4471.63,4472.94,1257.0,,
1788472800,4476.17,4478.41,4474.49,4478.27,2181.0,,
1788473700,4478.18,4478.81,4474.23,4475.01,2032.0,,
1788474600,4475.0,4476.58,4472.75,4473.92,2342.0,,
1788475500,4473.9,4475.88,4471.42,4474.54,2752.0,,
1788476400,4474.53,4477.64,4472.42,4474.26,2049.0,,
1788477300,4474.26,4475.13,4471.61,4473.85,1853.0,,
1788478200,4473.86,4478.36,4473.6,4477.4,1972.0,,
1788479100,4477.36,4480.36,4474.97,4480.1,3132.0,,
1788480000,4480.12,4483.27,4478.25,4480.88,5414.0,,
1788480900,4480.85,4481.03,4473.95,4474.57,4083.0,,
1788481800,4474.57,4482.21,4472.81,4482.21,4265.0,,
1788482700,4482.2,4487.25,4480.73,4486.41,4911.0,,
1788483600,4486.41,4487.47,4474.05,4474.91,11247.0,,
1788484500,4474.94,4478.95,4467.63,4470.99,8915.0,,
1788485400,4470.99,4476.87,4468.17,4473.91,8411.0,,
1788486300,4473.89,4480.57,4466.16,4478.93,6526.0,,
1788487200,4478.94,4482.65,4476.11,4479.42,6087.0,,
1788488100,4479.43,4480.31,4471.54,4473.97,4296.0,,
1788489000,4473.96,4477.33,4470.32,4470.95,6895.0,,
1788489900,4470.95,4480.95,4470.29,4477.54,4715.0,,
1788490800,4477.53,4478.74,4470.31,4473.41,4791.0,,
1788491700,4473.41,4474.65,4471.49,4472.51,3788.0,,
1788492600,4472.51,4475.33,4469.21,4469.4,3123.0,,
1788493500,4469.37,4470.16,4467.0,4467.1,2818.0,,
1788494400,4467.09,4470.08,4465.47,4469.3,3855.0,,
1788495300,4469.3,4472.45,4468.46,4471.69,2794.0,,
1788496200,4471.69,4474.89,4471.67,4473.84,2625.0,,
1788497100,4473.83,4475.01,4472.78,4473.8,2093.0,,
1788498000,4473.79,4474.61,4466.68,4469.52,3563.0,,
1788498900,4469.48,4475.28,4467.5,4467.57,3565.0,,
1788499800,4467.57,4477.65,4466.23,4471.18,7680.0,,
1788500700,4471.14,4472.89,4467.22,4472.09,5408.0,,
1788501600,4472.09,4473.41,4466.67,4468.94,6974.0,,
1788502500,4468.94,4471.87,4466.77,4468.92,5131.0,,
1788503400,4468.91,4469.8,4462.22,4464.27,6554.0,,
1788504300,4464.23,4464.51,4460.29,4463.04,6130.0,,
1788505200,4463.02,4471.47,4461.68,4467.89,6749.0,,
1788506100,4467.9,4472.85,4466.76,4472.73,4998.0,,
1788507000,4472.74,4486.49,4472.73,4485.81,5931.0,,
1788507900,4485.81,4490.84,4481.48,4483.54,6138.0,,
1788508800,4483.54,4486.54,4479.3,4482.09,6042.0,,
1788509700,4482.05,4484.1,4479.63,4481.11,5338.0,,
1788510600,4481.11,4482.49,4477.17,4477.59,5637.0,,
1788511500,4477.57,4479.75,4474.49,4477.83,4193.0,,
1788512400,4477.83,4479.22,4469.05,4470.07,4880.0,,
1788513300,4470.07,4470.66,4463.52,4466.69,6216.0,,
1788514200,4466.7,4470.21,4464.55,4467.3,5199.0,,
1788515100,4467.29,4469.7,4465.46,4465.61,4308.0,,
1788516000,4465.58,4473.25,4465.45,4472.82,3950.0,,
1788516900,4472.8,4473.55,4468.1,4471.21,4697.0,,
1788517800,4471.22,4475.19,4470.06,4473.58,4137.0,,
1788518700,4473.58,4476.46,4472.83,4472.91,3332.0,,
1788519600,4472.97,4473.35,4469.4,4470.31,3941.0,,
1788520500,4470.3,4470.8,4465.41,4465.69,3837.0,,
1788521400,4465.68,4470.34,4465.23,4468.22,3861.0,,
1788522300,4468.22,4470.63,4465.13,4467.07,4097.0,,
1788523200,4467.12,4470.45,4464.57,4464.82,6680.0,,
1788524100,4464.8,4476.65,4464.49,4472.0,10241.0,,
1788525000,4472.0,4474.67,4377.74,4393.97,40086.0,,
1788525900,4393.96,4409.98,4380.14,4393.88,28180.0,,
1788526800,4393.77,4394.8,4365.71,4394.31,27268.0,,
1788527700,4394.31,4414.61,4391.45,4412.64,17430.0,,
1788528600,4412.64,4424.18,4405.3,4423.77,29692.0,,
1788529500,4423.78,4434.76,4413.1,4413.14,24671.0,,
1788530400,4413.16,4435.1,4412.06,4434.06,23794.0,,
1788531300,4434.05,4437.36,4426.66,4429.07,21330.0,,
1788532200,4429.09,4442.37,4425.48,4428.91,18232.0,,
1788533100,4428.95,4432.1,4417.13,4427.55,18403.0,,
1788534000,4427.61,4443.66,4422.8,4443.44,15392.0,,
1788534900,4443.45,4449.04,4439.68,4439.99,13418.0,,
1788535800,4439.99,4446.63,4436.6,4442.94,11118.0,,
1788536700,4442.94,4446.03,4435.7,4436.68,8395.0,,
1788537600,4436.7,4440.41,4432.14,4438.82,9038.0,,
1788538500,4438.78,4443.63,4433.17,4434.26,8846.0,,
1788539400,4434.24,4439.78,4433.43,4438.08,8182.0,,
1788540300,4438.25,4440.48,4434.44,4436.44,7655.0,,
1788541200,4436.42,4436.61,4430.17,4433.94,8812.0,,
1788542100,4433.96,4440.48,4427.56,4428.71,9430.0,,
1788543000,4428.62,4429.82,4415.98,4417.28,8347.0,,
1788543900,4417.29,4421.38,4415.69,4416.64,8037.0,,
1788544800,4416.63,4419.78,4411.84,4419.51,8184.0,,
1788545700,4419.51,4426.72,4419.21,4424.79,6345.0,,
1788546600,4424.78,4425.86,4421.28,4423.0,6093.0,,
1788547500,4422.99,4425.92,4421.89,4424.01,5250.0,,
1788548400,4424.01,4430.09,4422.58,4429.21,5853.0,,
1788549300,4429.16,4435.91,4426.93,4435.69,5006.0,,
1788550200,4435.69,4438.42,4434.18,4437.03,5830.0,,
1788551100,4437.0,4437.41,4432.76,4434.9,6919.0,,
1788552000,4434.91,4435.19,4430.95,4431.73,2530.0,,
1788552900,4431.73,4431.86,4429.36,4430.07,1597.0,,
1788553800,4430.07,4430.89,4429.06,4430.29,1172.0,,
1788554700,4430.36,4431.26,4428.5,4431.23,1076.0,,
1788732000,4419.01,4429.08,4417.71,4429.04,2071.0,,
1788732900,4429.0,4430.29,4426.96,4428.82,1557.0,,
1788733800,4428.84,4431.28,4427.76,4430.86,1505.0,,
1788734700,4430.86,4435.25,4429.28,4429.56,1777.0,,
1788735600,4429.57,4431.41,4429.36,4430.0,1398.0,,
1788736500,4430.0,4430.1,4425.31,4427.05,1821.0,,
1788737400,4427.05,4430.45,4425.19,4429.11,2371.0,,
1788738300,4429.13,4434.08,4421.28,4423.41,4517.0,,
1788739200,4423.47,4427.62,4421.1,4425.11,6781.0,,
1788740100,4425.11,4428.9,4421.64,4422.24,4696.0,,
1788741000,4422.22,4425.29,4418.16,4424.18,5438.0,,
1788741900,4424.18,4429.68,4410.09,4412.67,6209.0,,
1788742800,4412.66,4415.87,4395.66,4399.91,15688.0,,
1788743700,4399.9,4403.71,4389.4,4403.44,10966.0,,
1788744600,4403.47,4413.39,4403.16,4410.29,8666.0,,
1788745500,4410.29,4416.86,4408.87,4409.19,7356.0,,
1788746400,4409.2,4410.66,4402.98,4403.9,6342.0,,
1788747300,4403.94,4409.42,4403.63,4407.78,3566.0,,
1788748200,4407.76,4418.6,4406.92,4415.05,7189.0,,
1788749100,4415.05,4419.09,4407.46,4408.89,5791.0,,
1788750000,4408.88,4410.5,4405.49,4407.78,5383.0,,
1788750900,4407.78,4410.12,4404.7,4408.71,4336.0,,
1788751800,4408.7,4408.84,4401.7,4401.85,3345.0,,
1788752700,4401.85,4405.0,4401.33,4404.13,2782.0,,
1788753600,4404.13,4407.35,4401.44,4406.64,3260.0,,
1788754500,4406.64,4406.74,4400.18,4402.31,2421.0,,
1788755400,4402.33,4402.59,4394.48,4396.76,2911.0,,
1788756300,4396.76,4398.98,4395.57,4398.07,2520.0,,
1788757200,4398.07,4404.19,4397.73,4402.62,3275.0,,
1788758100,4402.63,4411.67,4401.89,4411.11,3283.0,,
1788759000,4411.12,4413.23,4401.6,4404.39,8145.0,,
1788759900,4404.39,4406.64,4393.1,4394.07,6995.0,,
1788760800,4394.07,4394.69,4385.24,4392.03,9379.0,,
1788761700,4392.03,4398.16,4390.03,4394.44,5469.0,,
1788762600,4394.46,4399.84,4393.89,4396.3,4783.0,,
1788763500,4396.32,4399.25,4391.35,4392.84,5230.0,,
1788764400,4392.84,4401.73,4391.94,4401.53,7306.0,,
1788765300,4401.56,4402.23,4394.6,4395.18,5433.0,,
1788766200,4395.2,4399.06,4392.08,4395.99,5733.0,,
1788767100,4396.02,4406.7,4394.97,4406.36,7781.0,,
1788768000,4406.37,4417.62,4405.26,4417.13,9583.0,,
1788768900,4417.14,4423.55,4416.13,4419.77,7250.0,,
1788769800,4419.77,4423.81,4413.08,4414.76,6208.0,,
1788770700,4414.78,4415.24,4409.21,4410.95,4066.0,,
1788771600,4410.96,4413.69,4410.89,4411.13,3621.0,,
1788772500,4411.12,4411.89,4405.34,4405.58,3464.0,,
1788773400,4405.75,4410.14,4403.61,4409.64,3378.0,,
1788774300,4409.63,4410.37,4404.87,4405.77,2632.0,,
1788775200,4405.76,4406.29,4402.37,4403.08,2376.0,,
1788776100,4403.06,4404.67,4395.88,4395.98,3051.0,,
1788777000,4395.97,4399.23,4391.51,4398.57,3807.0,,
1788777900,4398.58,4398.79,4387.78,4391.67,5838.0,,
1788778800,4391.72,4394.33,4389.08,4393.76,5092.0,,
1788779700,4393.76,4395.0,4387.02,4389.54,3750.0,,
1788780600,4389.53,4389.86,4381.14,4386.72,5196.0,,
1788781500,4386.73,4392.11,4385.11,4385.29,3389.0,,
1788782400,4385.39,4393.05,4385.39,4390.86,3946.0,,
1788783300,4390.86,4395.34,4390.24,4395.34,3504.0,,
1788784200,4395.34,4397.61,4392.48,4397.05,3887.0,,
1788785100,4397.04,4398.08,4394.15,4396.83,3468.0,,
1788786000,4396.82,4404.61,4394.7,4404.13,6847.0,,
1788786900,4404.13,4405.02,4401.57,4403.87,4613.0,,
1788787800,4403.87,4407.49,4401.77,4403.39,4399.0,,
1788788700,4403.42,4407.85,4401.05,4402.62,4218.0,,
1788789600,4402.62,4408.96,4401.14,4407.15,4977.0,,
1788790500,4407.16,4409.12,4405.13,4407.14,3853.0,,
1788791400,4407.13,4412.21,4404.57,4412.05,4655.0,,
1788792300,4412.01,4419.61,4410.86,4416.13,6997.0,,
1788793200,4416.12,4416.72,4409.29,4414.95,5442.0,,
1788794100,4414.95,4415.21,4411.24,4412.97,4002.0,,
1788795000,4412.98,4414.08,4408.8,4411.85,2801.0,,
1788795900,4411.86,4415.07,4411.35,4414.51,2440.0,,
1788796800,4414.5,4417.3,4412.92,4415.38,2104.0,,
1788797700,4415.38,4415.92,4412.7,4413.67,1586.0,,
1788798600,4413.67,4414.17,4411.88,4414.14,1571.0,,
1788799500,4414.14,4414.55,4413.0,4414.55,1245.0,,
1788800400,4414.54,4415.15,4411.91,4412.2,900.0,,
1788801300,4412.2,4413.81,4412.2,4412.39,805.0,,
1788802200,4412.39,4412.76,4410.06,4411.02,682.0,,
1788803100,4410.98,4410.98,4407.11,4407.2,1165.0,,
1788804000,4407.2,4409.19,4404.3,4404.93,1566.0,,
1788804900,4404.94,4406.51,4403.19,4406.28,1758.0,,
1788818400,4413.9,4413.9,4410.33,4412.56,1908.0,,
1788819300,4412.56,4413.33,4409.47,4409.79,1300.0,,
1788820200,4409.79,4409.94,4407.81,4408.27,1673.0,,
1788821100,4408.27,4408.55,4406.02,4407.67,1052.0,,
1788822000,4407.59,4412.37,4407.3,4411.0,1781.0,,
1788822900,4411.01,4412.75,4408.7,4410.86,2784.0,,
1788823800,4410.85,4428.03,4410.83,4427.5,5332.0,,
1788824700,4427.49,4428.09,4419.81,4422.98,6151.0,,
1788825600,4423.05,4424.47,4415.14,4417.25,10888.0,,
1788826500,4417.3,4430.13,4415.92,4421.51,9929.0,,
1788827400,4421.49,4426.26,4418.83,4421.56,7518.0,,
1788828300,4421.59,4427.65,4415.14,4426.35,8429.0,,
1788829200,4426.34,4431.52,4417.2,4428.53,16009.0,,
1788830100,4428.58,4436.27,4426.97,4434.48,8471.0,,
1788831000,4434.48,4437.03,4430.68,4433.43,8224.0,,
1788831900,4433.44,4440.73,4433.44,4437.08,6968.0,,
1788832800,4437.09,4438.66,4426.17,4428.19,7094.0,,
1788833700,4428.26,4429.74,4424.44,4424.97,5202.0,,
1788834600,4424.93,4426.94,4421.43,4426.73,7694.0,,
1788835500,4426.72,4428.07,4421.25,4424.26,6347.0,,
1788836400,4424.26,4431.77,4422.53,4429.69,5231.0,,
1788837300,4429.68,4440.02,4428.79,4432.15,6786.0,,
1788838200,4432.23,4435.08,4430.51,4432.68,3500.0,,
1788839100,4432.79,4438.92,4432.5,4437.89,3685.0,,
1788840000,4437.89,4443.03,4437.89,4439.3,4636.0,,
1788840900,4439.3,4440.7,4431.71,4432.68,3644.0,,
1788841800,4432.69,4436.57,4432.33,4436.52,3426.0,,
1788842700,4436.53,4439.92,4434.18,4436.07,3088.0,,
1788843600,4436.05,4437.76,4427.14,4427.38,4981.0,,
1788844500,4427.38,4431.67,4420.17,4420.43,5571.0,,
1788845400,4420.42,4427.04,4418.09,4425.83,8915.0,,
1788846300,4425.87,4428.82,4417.41,4419.47,7945.0,,
1788847200,4419.45,4420.19,4408.61,4411.54,10352.0,,
1788848100,4411.57,4411.57,4399.04,4400.18,10766.0,,
1788849000,4400.18,4408.75,4397.88,4407.32,8249.0,,
1788849900,4407.32,4409.32,4403.33,4403.79,6132.0,,
1788850800,4403.8,4409.48,4402.46,4403.05,6459.0,,
1788851700,4403.03,4404.25,4400.31,4401.64,5746.0,,
1788852600,4401.64,4405.43,4391.21,4395.51,7591.0,,
1788853500,4395.51,4397.32,4389.95,4392.42,6717.0,,
1788854400,4392.44,4395.82,4387.89,4390.4,10031.0,,
1788855300,4390.41,4396.43,4389.65,4394.73,7065.0,,
1788856200,4394.73,4398.58,4391.71,4392.82,8102.0,,
1788857100,4392.83,4398.27,4391.09,4394.16,8123.0,,
1788858000,4394.13,4398.1,4391.38,4397.47,6417.0,,
1788858900,4397.45,4399.41,4392.22,4393.19,5955.0,,
1788859800,4393.18,4403.81,4390.61,4401.56,7289.0,,
1788860700,4401.55,4405.71,4401.2,4403.05,4197.0,,
1788861600,4403.06,4403.06,4393.78,4396.4,5358.0,,
1788862500,4396.36,4407.0,4396.12,4399.5,7394.0,,
1788863400,4399.5,4399.6,4393.68,4397.17,4029.0,,
1788864300,4397.17,4400.47,4395.16,4395.41,4067.0,,
1788865200,4395.39,4399.52,4391.15,4395.15,5946.0,,
1788866100,4395.13,4403.0,4395.04,4402.06,4997.0,,
1788867000,4402.08,4407.89,4400.65,4403.64,5371.0,,
1788867900,4403.63,4406.65,4397.8,4406.49,5751.0,,
1788868800,4406.5,4406.76,4390.2,4391.86,8911.0,,
1788869700,4391.86,4401.91,4385.2,4401.9,11254.0,,
1788870600,4401.87,4408.25,4395.35,4396.62,9582.0,,
1788871500,4396.63,4411.82,4395.72,4411.61,8661.0,,
1788872400,4411.62,4413.24,4402.55,4408.57,12883.0,,
1788873300,4408.57,4410.87,4398.98,4400.43,9092.0,,
1788874200,4400.41,4405.8,4390.4,4396.69,21192.0,,
1788875100,4396.68,4407.53,4394.41,4395.7,17126.0,,
1788876000,4395.71,4402.85,4391.58,4394.52,17766.0,,
1788876900,4394.47,4403.73,4394.06,4396.72,13156.0,,
1788877800,4396.8,4400.73,4392.76,4397.39,12429.0,,
1788878700,4397.39,4399.0,4389.11,4398.71,10483.0,,
1788879600,4398.73,4408.2,4397.6,4404.82,10726.0,,
1788880500,4404.81,4409.31,4396.46,4399.01,10639.0,,
1788881400,4399.02,4404.23,4397.36,4400.19,9109.0,,
1788882300,4400.19,4400.64,4394.74,4394.74,6051.0,,
1788883200,4394.74,4395.17,4379.82,4386.51,9991.0,,
1788884100,4386.53,4395.49,4383.79,4394.06,7270.0,,
1788885000,4394.06,4396.71,4393.01,4394.22,5521.0,,
1788885900,4394.18,4398.45,4390.34,4393.67,7713.0,,
1788886800,4393.71,4403.72,4393.7,4395.6,7504.0,,
1788887700,4395.6,4397.42,4392.07,4394.04,4927.0,,
1788888600,4394.04,4395.11,4385.5,4385.5,5788.0,,
1788889500,4385.49,4390.38,4385.24,4389.99,5065.0,,
1788890400,4389.99,4390.34,4384.06,4387.64,6093.0,,
1788891300,4387.63,4387.75,4384.34,4385.59,6052.0,,
1788892200,4385.6,4385.73,4381.45,4385.61,4868.0,,
1788893100,4385.61,4386.62,4358.15,4375.67,23087.0,,
1788894000,4375.67,4377.25,4369.4,4370.48,11725.0,,
1788894900,4370.51,4373.13,4366.35,4368.75,9198.0,,
1788895800,4368.76,4369.72,4361.53,4368.79,7993.0,,
1788896700,4368.81,4368.97,4356.81,4359.42,12006.0,,
1788897600,4359.34,4364.49,4356.05,4360.29,4674.0,,
1788898500,4360.29,4361.43,4355.6,4356.77,2778.0,,
1788899400,4356.8,4358.74,4356.42,4357.74,2009.0,,
1788900300,4357.76,4357.91,4344.72,4355.28,2525.0,,
1788904800,4358.05,4359.16,4353.15,4356.13,2298.0,,
1788905700,4356.13,4357.63,4353.29,4354.49,1679.0,,
1788906600,4354.5,4355.99,4350.51,4351.91,2095.0,,
1788907500,4351.91,4354.33,4350.94,4354.15,1586.0,,
1788908400,4354.16,4354.92,4351.96,4352.5,2002.0,,
1788909300,4352.5,4357.72,4351.93,4357.56,2146.0,,
1788910200,4357.59,4359.98,4356.87,4358.65,1792.0,,
1788911100,4358.63,4358.66,4349.28,4349.99,3905.0,,
1788912000,4350.03,4353.03,4344.6,4349.74,7734.0,,
1788912900,4349.67,4350.22,4341.2,4347.02,6235.0,,
1788913800,4347.06,4354.93,4343.81,4354.93,6415.0,,
1788914700,4354.93,4365.62,4352.89,4364.8,5211.0,,
1788915600,4364.81,4368.6,4354.23,4368.31,11937.0,,
1788916500,4368.31,4373.05,4362.8,4371.71,7550.0,,
1788917400,4371.73,4378.08,4370.79,4376.47,5744.0,,
1788918300,4376.47,4378.19,4370.93,4373.65,5845.0,,
1788919200,4373.66,4375.75,4370.63,4373.49,5325.0,,
1788920100,4373.49,4376.92,4371.69,4373.0,3742.0,,
1788921000,4373.0,4374.49,4367.3,4374.3,5199.0,,
1788921900,4374.23,4384.41,4373.09,4382.16,6833.0,,
1788922800,4382.2,4382.73,4378.27,4379.1,5599.0,,
1788923700,4379.1,4379.38,4375.62,4378.14,3304.0,,
1788924600,4378.15,4380.03,4375.4,4378.73,2426.0,,
1788925500,4378.73,4379.16,4375.19,4375.24,3677.0,,
1788926400,4375.23,4376.2,4370.66,4373.45,4160.0,,
1788927300,4373.45,4380.65,4372.49,4380.05,3725.0,,
1788928200,4380.01,4380.11,4376.38,4378.06,2291.0,,
1788929100,4378.09,4382.53,4377.4,4381.58,2302.0,,
1788930000,4381.58,4387.93,4380.52,4387.79,4222.0,,
1788930900,4387.74,4388.74,4383.41,4385.23,3956.0,,
1788931800,4385.2,4395.58,4384.36,4395.58,6413.0,,
1788932700,4395.59,4401.0,4392.64,4398.8,4948.0,,
1788933600,4398.83,4405.26,4398.34,4401.43,5622.0,,
1788934500,4401.43,4403.26,4395.29,4398.22,5699.0,,
1788935400,4398.31,4406.11,4397.09,4400.43,5289.0,,
1788936300,4400.43,4401.64,4398.89,4400.67,3817.0,,
1788937200,4400.66,4407.74,4399.37,4406.55,4723.0,,
1788938100,4406.39,4408.79,4403.01,4407.73,4719.0,,
1788939000,4407.75,4410.53,4406.47,4410.36,3732.0,,
1788939900,4410.36,4412.75,4408.15,4409.23,4548.0,,
1788940800,4409.34,4412.01,4403.8,4403.89,5797.0,,
1788941700,4403.91,4404.85,4399.62,4399.78,4695.0,,
1788942600,4399.77,4403.59,4399.08,4399.99,4289.0,,
1788943500,4399.98,4403.37,4399.09,4400.68,3555.0,,
1788944400,4400.68,4402.32,4397.74,4398.56,3739.0,,
1788945300,4398.59,4400.24,4396.93,4398.4,3592.0,,
1788946200,4398.32,4398.72,4395.42,4396.38,3973.0,,
1788947100,4396.37,4396.37,4388.44,4390.77,4826.0,,
1788948000,4390.77,4393.44,4386.21,4391.14,6176.0,,
1788948900,4391.14,4396.0,4389.34,4394.34,4551.0,,
1788949800,4394.33,4399.36,4393.52,4395.02,4871.0,,
1788950700,4395.02,4403.19,4394.6,4399.7,5643.0,,
1788951600,4399.7,4404.61,4399.7,4403.65,4133.0,,
1788952500,4403.63,4409.15,4401.5,4408.32,4366.0,,
1788953400,4408.32,4408.5,4403.6,4405.57,5136.0,,
1788954300,4405.58,4415.31,4403.44,4407.41,8738.0,,
1788955200,4407.41,4409.42,4399.19,4399.31,6544.0,,
1788956100,4399.3,4400.31,4393.76,4393.87,7382.0,,
1788957000,4393.87,4397.62,4390.97,4395.32,7217.0,,
1788957900,4395.32,4402.27,4395.32,4400.17,5146.0,,
1788958800,4400.17,4413.69,4398.69,4413.35,9113.0,,
1788959700,4413.35,4430.43,4410.88,4429.63,10757.0,,
1788960600,4429.54,4434.1,4412.96,4417.19,17874.0,,
1788961500,4417.19,4423.77,4410.8,4415.08,14335.0,,
1788962400,4415.09,4428.65,4414.36,4423.37,13604.0,,
1788963300,4423.36,4426.13,4409.95,4425.98,15707.0,,
1788964200,4425.99,4427.12,4418.79,4418.99,9747.0,,
1788965100,4418.99,4423.62,4415.0,4418.75,10058.0,,
1788966000,4418.74,4432.11,4380.25,4389.67,37635.0,,
1788966900,4389.85,4395.54,4375.13,4394.68,26001.0,,
1788967800,4394.68,4407.29,4392.66,4403.07,17651.0,,
1788968700,4403.07,4407.23,4398.17,4398.53,12353.0,,
1788969600,4398.5,4403.14,4394.91,4397.94,11347.0,,
1788970500,4397.93,4402.47,4391.69,4401.75,9201.0,,
1788971400,4401.74,4407.95,4399.08,4407.46,7548.0,,
1788972300,4407.46,4410.4,4405.64,4409.58,5236.0,,
1788973200,4409.54,4420.48,4408.99,4416.7,9375.0,,
1788974100,4416.7,4420.62,4414.33,4414.86,6969.0,,
1788975000,4414.89,4417.15,4411.9,4413.68,5023.0,,
1788975900,4413.69,4416.94,4413.05,4416.1,3656.0,,
1788976800,4416.11,4421.5,4415.87,4420.42,4977.0,,
1788977700,4420.41,4420.7,4416.75,4418.0,4499.0,,
1788978600,4418.0,4418.38,4409.56,4409.84,5378.0,,
1788979500,4409.84,4410.08,4401.71,4403.15,5813.0,,
1788980400,4403.19,4404.14,4396.99,4400.26,8029.0,,
1788981300,4400.26,4404.87,4398.65,4399.66,5095.0,,
1788982200,4399.66,4400.93,4395.58,4399.85,5056.0,,
1788983100,4399.85,4401.47,4396.33,4399.16,7927.0,,
1788984000,4399.16,4399.38,4396.47,4397.36,1805.0,,
1788984900,4397.36,4397.54,4393.53,4394.82,1678.0,,
1788985800,4394.83,4400.87,4394.79,4400.06,1489.0,,
1788986700,4400.06,4401.57,4399.2,4401.54,1112.0,,
1788991200,4405.01,4406.51,4402.6,4402.91,1800.0,,
1788992100,4402.92,4404.45,4400.45,4402.54,1401.0,,
1788993000,4402.52,4403.85,4400.09,4401.54,2409.0,,
1788993900,4401.54,4401.76,4397.13,4399.73,2440.0,,
1788994800,4399.67,4403.14,4398.41,4400.71,2894.0,,
1788995700,4400.72,4402.24,4395.84,4397.68,2733.0,,
1788996600,4397.64,4399.21,4393.35,4394.42,1987.0,,
1788997500,4394.42,4395.32,4393.29,4394.28,2914.0,,
1788998400,4394.3,4397.19,4389.83,4395.13,4819.0,,
1788999300,4395.14,4398.55,4392.37,4392.97,4945.0,,
1789000200,4392.98,4401.64,4391.48,4401.05,5235.0,,
1789001100,4401.05,4404.91,4397.96,4401.14,4972.0,,
1789002000,4401.15,4419.06,4400.21,4412.88,11647.0,,
1789002900,4412.88,4416.59,4410.36,4410.52,10375.0,,
1789003800,4410.54,4411.06,4405.27,4410.04,10048.0,,
1789004700,4410.04,4414.53,4407.6,4412.25,9678.0,,
1789005600,4412.26,4418.92,4411.67,4414.17,8399.0,,
1789006500,4414.16,4417.69,4407.74,4417.07,4810.0,,
1789007400,4417.08,4420.92,4411.19,4418.2,7359.0,,
1789008300,4418.2,4420.93,4416.26,4419.45,5911.0,,
1789009200,4419.44,4421.23,4411.71,4412.73,6390.0,,
1789010100,4412.74,4414.93,4409.31,4410.16,5075.0,,
1789011000,4410.16,4412.62,4407.19,4407.93,3549.0,,
1789011900,4407.93,4409.93,4406.89,4409.16,2386.0,,
1789012800,4409.16,4415.55,4409.15,4414.11,2602.0,,
1789013700,4414.11,4415.52,4410.77,4411.86,2234.0,,
1789014600,4411.84,4413.73,4405.68,4406.66,2626.0,,
1789015500,4406.65,4411.7,4406.34,4408.53,2665.0,,
1789016400,4408.53,4418.96,4408.19,4418.96,4189.0,,
1789017300,4418.98,4420.83,4417.05,4420.74,3376.0,,
1789018200,4420.72,4429.64,4417.49,4428.28,8915.0,,
1789019100,4428.29,4431.31,4423.89,4431.22,6657.0,,
1789020000,4431.22,4434.91,4416.04,4416.37,6287.0,,
1789020900,4416.42,4417.61,4410.95,4417.59,7883.0,,
1789021800,4417.58,4427.0,4413.28,4426.86,6818.0,,
1789022700,4426.87,4428.88,4423.64,4425.34,6621.0,,
1789023600,4425.31,4425.53,4413.21,4413.37,6067.0,,
1789024500,4413.38,4415.07,4408.07,4408.44,4711.0,,
1789025400,4408.44,4410.72,4404.08,4409.71,6596.0,,
1789026300,4409.7,4415.41,4408.96,4411.84,5078.0,,
1789027200,4411.77,4412.86,4404.74,4405.75,6910.0,,
1789028100,4405.75,4407.75,4403.98,4405.76,5124.0,,
1789029000,4405.76,4406.02,4394.89,4395.91,7026.0,,
1789029900,4395.92,4398.36,4392.23,4394.93,6267.0,,
1789030800,4394.9,4396.62,4389.96,4395.0,5423.0,,
1789031700,4395.0,4396.89,4391.77,4392.88,4825.0,,
1789032600,4392.87,4393.1,4388.3,4393.09,5867.0,,
1789033500,4393.1,4395.82,4392.58,4394.11,3861.0,,
1789034400,4394.05,4400.05,4389.65,4395.17,8748.0,,
1789035300,4395.15,4400.18,4393.75,4394.14,5505.0,,
1789036200,4394.2,4394.74,4377.92,4383.84,8585.0,,
1789037100,4383.84,4387.94,4375.2,4378.85,10661.0,,
1789038000,4378.84,4384.54,4374.78,4383.5,9915.0,,
1789038900,4383.47,4388.75,4379.98,4385.89,7932.0,,
1789039800,4385.89,4390.75,4384.35,4384.6,6257.0,,
1789040700,4384.59,4385.32,4373.62,4374.61,8673.0,,
1789041600,4374.57,4377.82,4369.86,4375.3,12349.0,,
1789042500,4375.31,4377.16,4361.89,4363.81,14062.0,,
1789043400,4363.81,4373.22,4324.03,4340.81,31049.0,,
1789044300,4340.81,4355.0,4336.42,4340.16,21231.0,,
1789045200,4340.16,4355.43,4339.24,4343.97,23811.0,,
1789046100,4343.8,4357.79,4341.49,4357.79,15617.0,,
1789047000,4357.78,4373.47,4351.9,4364.69,28484.0,,
1789047900,4364.64,4375.9,4362.51,4366.04,21825.0,,
